Individual ID,Phasing type,Final assembly,,,,,,,,,,,,,,,Hifiasm version,Hifiasm+ultralongONT+trio,,,,,,,,Hifiasm version,Hifiasm+ultralongONT+Hi-C+reassignment,,,,,,,,verkko version,verkko+ultra-longONT+trio,,,,,,,
,,Pat. size (Mb),Contig N50 (Mb),Switch error,Hamming error,GCI,Mat. size (Mb),Contig N50 (Mb),Switch error,Hamming error,GCI,QV,CV,"Collapsed (Flagger, %)","Duplicated (Flagger, %)","Erroneous (Flagger, %)",,Pat. size (Mb),Pat. N50 (Mb),Switch error,Hamming error,Mat. Size (Mb),Mat. N50 (Mb),Switch error,Hamming error,,Pat. size (Mb),Pat. N50(Mb),Switch error,Hamming error,Mat. size (Mb),Mat. N50 (Mb),Switch error,Hamming error,,Pat. size(Mb),Pat. N50(Mb),Switch error,Hamming error,Mat. size(Mb),Mat. N50(Mb),Switch error,Hamming error
C001-CHA-E01-01,Trio-phased,2937.8 ,145.9 ,0.0040 ,0.0162 ,81.1 ,3018.1 ,136.9 ,0.0050 ,0.0129 ,79.4 ,67.6 ,26.5 ,0.158 ,0.080 ,0.123 ,0.19.4-r575,2937.5 ,95.9 ,0.0079 ,0.0086 ,3046.5 ,134.6 ,0.0111 ,0.0155 ,0.19.4-r575,2939.2 ,99.4 ,0.0078 ,0.0108 ,3039.2 ,135.1 ,0.0110 ,0.0166 ,bioconda 1.3.1,2940.9 ,96.9 ,0.0072 ,0.0146 ,3040.3 ,97.6 ,0.0099 ,0.0210 
C002-CHA-E02-01,Trio-phased,2919.9 ,146.5 ,0.0100 ,0.0200 ,82.4 ,3022.9 ,145.8 ,0.0159 ,0.0402 ,73.3 ,68.4 ,16.2 ,0.248 ,0.091 ,0.158 ,0.19.8-r603,2932.5 ,124.3 ,0.0067 ,0.0086 ,3023.6 ,103.5 ,0.0071 ,0.0059 ,0.19.8-r603,2938.1 ,107.2 ,0.0066 ,0.0096 ,3019.1 ,134.8 ,0.0069 ,0.0065 ,bioconda 1.3.1,2802.1 ,106.5 ,0.0057 ,0.0085 ,2996.8 ,98.4 ,0.0055 ,0.0063 
C003-CHA-E03-01,Trio-phased,2920.5 ,135.4 ,0.0073 ,0.0118 ,85.0 ,3015.1 ,155.3 ,0.0068 ,0.0192 ,74.6 ,64.3 ,27.0 ,0.214 ,0.093 ,0.122 ,0.19.4-r575,2922.6 ,111.5 ,0.0142 ,0.0161 ,3031.9 ,117.0 ,0.0124 ,0.0131 ,0.19.4-r575,2924.0 ,111.5 ,0.0140 ,0.0165 ,3025.8 ,134.1 ,0.0120 ,0.0130 ,bioconda 1.0,2911.8 ,104.5 ,0.0139 ,0.0157 ,3026.0 ,134.7 ,0.0120 ,0.0139 
C004-CHA-E04-01,Trio-phased,2943.4 ,145.8 ,0.0038 ,0.0057 ,89.3 ,3027.1 ,137.7 ,0.0062 ,0.0130 ,72.9 ,65.2 ,26.8 ,0.203 ,0.165 ,0.099 ,0.19.4-r575,2953.0 ,112.3 ,0.0087 ,0.0091 ,3021.4 ,127.4 ,0.0105 ,0.0101 ,0.19.4-r575,2951.9 ,129.7 ,0.0086 ,0.0095 ,3018.5 ,105.2 ,0.0103 ,0.0109 ,bioconda 1.0,2924.0 ,119.8 ,0.0085 ,0.0089 ,2994.5 ,125.8 ,0.0102 ,0.0097 
C005-CHA-E05-01,Trio-phased,2930.6 ,145.2 ,0.0016 ,0.0030 ,81.2 ,2996.2 ,154.8 ,0.0078 ,0.0187 ,85.3 ,69.6 ,24.1 ,0.152 ,0.074 ,0.080 ,0.19.5-r587,2926.1 ,109.8 ,0.0036 ,0.0030 ,3036.0 ,134.8 ,0.0176 ,0.0254 ,0.19.5-r587,2932.1 ,109.8 ,0.0035 ,0.0035 ,3028.7 ,134.8 ,0.0175 ,0.0271 ,bioconda 1.3.1,2963.5 ,109.7 ,0.0030 ,0.0082 ,3001.5 ,137.8 ,0.0166 ,0.0235 
C006-CHA-E06-01,Trio-phased,2935.5 ,134.8 ,0.0032 ,0.0198 ,70.4 ,3033.3 ,154.4 ,0.0064 ,0.0167 ,74.6 ,69.4 ,23.9 ,0.322 ,0.518 ,0.102 ,0.19.4-r575,2941.5 ,134.2 ,0.0078 ,0.0071 ,3024.1 ,111.2 ,0.0133 ,0.0137 ,0.19.4-r575,2945.5 ,133.9 ,0.0077 ,0.0108 ,2995.5 ,112.9 ,0.0129 ,0.0156 ,bioconda 1.0,2944.1 ,105.2 ,0.0076 ,0.0227 ,2960.5 ,99.5 ,0.0136 ,0.0146 
C007-CHA-E07-01,Trio-phased,2934.0 ,135.9 ,0.0032 ,0.0047 ,68.8 ,3018.0 ,153.9 ,0.0051 ,0.0109 ,91.7 ,67.0 ,24.0 ,0.272 ,0.089 ,0.105 ,0.19.5-r587,2942.0 ,134.2 ,0.0083 ,0.0078 ,3029.1 ,103.4 ,0.0120 ,0.0105 ,0.19.6-r595,2891.1 ,111.7 ,0.0081 ,0.0102 ,2986.6 ,130.6 ,0.0119 ,0.0139 ,bioconda 1.3.1,2940.3 ,134.6 ,0.0074 ,0.0072 ,3027.6 ,103.9 ,0.0110 ,0.0097 
C008-CHA-E08-01,Trio-phased,2924.3 ,144.7 ,0.0051 ,0.0109 ,84.1 ,3025.2 ,155.0 ,0.0027 ,0.0103 ,86.4 ,69.7 ,24.1 ,0.234 ,0.107 ,0.108 ,0.19.5-r593,2928.5 ,108.8 ,0.0119 ,0.0205 ,3029.7 ,134.2 ,0.0051 ,0.0038 ,0.19.5-r593,2927.8 ,134.5 ,0.0118 ,0.0200 ,3029.2 ,135.0 ,0.0049 ,0.0038 ,bioconda 1.3.1,2925.8 ,92.3 ,0.0037 ,0.0029 ,3029.7 ,135.3 ,0.0111 ,0.0194 
C009-CHA-E09-01,Trio-phased,2926.5 ,146.4 ,0.0038 ,0.0071 ,57.5 ,3040.9 ,154.7 ,0.0051 ,0.0128 ,81.2 ,66.8 ,23.7 ,0.472 ,0.084 ,0.110 ,0.19.4-r575,2941.8 ,103.3 ,0.0091 ,0.0107 ,3045.0 ,134.7 ,0.0107 ,0.0093 ,0.19.4-r575,2936.3 ,134.4 ,0.0088 ,0.0106 ,3039.3 ,134.7 ,0.0110 ,0.0159 ,bioconda 1.0,2925.8 ,90.6 ,0.0089 ,0.0101 ,3008.1 ,120.6 ,0.0111 ,0.0096 
C010-CHA-E10-01,Trio-phased,2949.0 ,146.2 ,0.0022 ,0.0045 ,81.5 ,3033.4 ,153.7 ,0.0054 ,0.0130 ,86.3 ,67.8 ,25.6 ,0.145 ,0.257 ,0.126 ,0.19.4-r575,2945.7 ,106.4 ,0.0059 ,0.0052 ,3022.6 ,124.2 ,0.0121 ,0.0127 ,0.19.4-r575,2954.6 ,98.8 ,0.0059 ,0.0080 ,3013.4 ,134.8 ,0.0120 ,0.0138 ,bioconda 1.0,2920.6 ,59.2 ,0.0053 ,0.0046 ,2998.1 ,90.2 ,0.0110 ,0.0118 
C011-CHA-E11-01,Trio-phased,2917.3 ,135.5 ,0.0029 ,0.0053 ,70.7 ,3021.3 ,135.6 ,0.0049 ,0.0107 ,77.0 ,67.6 ,26.5 ,0.244 ,0.172 ,0.099 ,0.19.5-r587,2919.0 ,118.6 ,0.0066 ,0.0061 ,3025.8 ,106.1 ,0.0096 ,0.0101 ,0.19.4-r575,2917.5 ,134.4 ,0.0065 ,0.0067 ,3030.7 ,111.6 ,0.0095 ,0.0107 ,bioconda 1.3.1,2892.4 ,97.7 ,0.0057 ,0.0060 ,2994.9 ,91.2 ,0.0082 ,0.0090 
C012-CHA-E12-01,Trio-phased,2939.6 ,145.5 ,0.0030 ,0.0052 ,77.7 ,3024.5 ,154.0 ,0.0052 ,0.0144 ,91.6 ,68.3 ,24.9 ,0.281 ,0.148 ,0.171 ,0.19.4-r575,2944.0 ,94.8 ,0.0073 ,0.0081 ,3020.3 ,104.9 ,0.0107 ,0.0129 ,0.19.4-r575,2943.2 ,95.1 ,0.0073 ,0.0076 ,3022.9 ,100.7 ,0.0106 ,0.0126 ,bioconda 1.0,2854.5 ,68.0 ,0.0069 ,0.0076 ,2994.0 ,77.2 ,0.0100 ,0.0179 
C013-CHA-E13-01,Trio-phased,2933.9 ,135.0 ,0.0030 ,0.0059 ,68.8 ,3034.1 ,155.3 ,0.0048 ,0.0130 ,89.3 ,66.9 ,24.7 ,0.220 ,0.116 ,0.118 ,0.19.5-r587,2937.8 ,130.8 ,0.0084 ,0.0091 ,3030.8 ,108.1 ,0.0086 ,0.0091 ,0.19.5-r587,2939.4 ,104.8 ,0.0083 ,0.0093 ,3033.8 ,107.5 ,0.0085 ,0.0103 ,bioconda 1.3.1,2935.0 ,82.4 ,0.0075 ,0.0081 ,3029.5 ,71.7 ,0.0070 ,0.0084 
C014-CHA-E14-01,Trio-phased,2924.6 ,139.4 ,0.0021 ,0.0038 ,78.7 ,3027.6 ,154.2 ,0.0052 ,0.0099 ,66.5 ,65.5 ,25.1 ,0.513 ,0.327 ,0.184 ,0.19.5-r593,2922.0 ,111.6 ,0.0060 ,0.0062 ,3021.4 ,109.8 ,0.0081 ,0.0071 ,0.19.6-r595,2914.9 ,105.6 ,0.0060 ,0.0067 ,3034.7 ,102.1 ,0.0080 ,0.0091 ,bioconda 1.3.1,2917.6 ,94.5 ,0.0050 ,0.0053 ,3021.4 ,104.1 ,0.0064 ,0.0057 
C015-CHA-E15-01,Trio-phased,2955.0 ,145.6 ,0.0026 ,0.0054 ,76.0 ,3018.9 ,156.3 ,0.0056 ,0.0128 ,81.1 ,66.7 ,25.1 ,0.239 ,0.087 ,0.113 ,0.19.8-r603,2960.4 ,124.6 ,0.0054 ,0.0065 ,3039.5 ,121.3 ,0.0122 ,0.0129 ,0.19.8-r603,2965.7 ,117.4 ,0.0053 ,0.0068 ,3040.5 ,111.3 ,0.0121 ,0.0133 ,bioconda 1.3.1,2956.9 ,63.3 ,0.0044 ,0.0055 ,3037.3 ,94.7 ,0.0107 ,0.0110 
C016-CHA-E16-01,Trio-phased,2930.1 ,136.3 ,0.0032 ,0.0049 ,75.4 ,3012.7 ,154.4 ,0.0059 ,0.0125 ,79.5 ,64.7 ,24.8 ,0.179 ,0.075 ,0.111 ,0.19.4-r575,2937.1 ,108.6 ,0.0081 ,0.0077 ,3024.7 ,103.8 ,0.0120 ,0.0118 ,0.19.4-r575,2936.8 ,108.6 ,0.0081 ,0.0101 ,3028.7 ,107.7 ,0.0121 ,0.0147 ,bioconda 1.0,2918.0 ,81.2 ,0.0076 ,0.0070 ,2989.4 ,71.3 ,0.0116 ,0.0113 
C017-CHA-E17-01,Trio-phased,2920.8 ,139.1 ,0.0024 ,0.0045 ,78.7 ,3027.4 ,155.4 ,0.0066 ,0.0178 ,71.6 ,64.8 ,25.8 ,0.197 ,0.134 ,0.101 ,0.19.5-r593,2927.4 ,124.6 ,0.0068 ,0.0063 ,3031.4 ,97.3 ,0.0137 ,0.0167 ,0.19.5-r593,2914.3 ,111.7 ,0.0068 ,0.0066 ,3029.5 ,104.9 ,0.0136 ,0.0177 ,bioconda 1.3.1,2925.2 ,77.7 ,0.0057 ,0.0052 ,3028.7 ,83.9 ,0.0124 ,0.0152 
C018-CHA-E18-01,Trio-phased,2936.4 ,145.9 ,0.0034 ,0.0069 ,75.9 ,3028.4 ,155.4 ,0.0048 ,0.0139 ,76.3 ,64.7 ,26.1 ,0.150 ,0.055 ,0.122 ,0.19.5-r587,2940.9 ,124.0 ,0.0075 ,0.0079 ,3041.7 ,130.9 ,0.0118 ,0.0123 ,0.19.5-r587,2940.1 ,124.4 ,0.0075 ,0.0079 ,3042.7 ,111.9 ,0.0118 ,0.0126 ,bioconda 1.3.1,2934.6 ,100.7 ,0.0071 ,0.0088 ,3046.4 ,127.7 ,0.0111 ,0.0140 
C019-CHA-E19-01,Trio-phased,2943.2 ,134.2 ,0.0038 ,0.0090 ,76.2 ,3031.9 ,154.6 ,0.0040 ,0.0112 ,73.3 ,66.3 ,24.6 ,0.404 ,0.264 ,0.128 ,0.19.4-r575,2963.8 ,128.8 ,0.0082 ,0.0093 ,3042.5 ,108.6 ,0.0099 ,0.0089 ,0.19.4-r575,2891.6 ,111.4 ,0.0081 ,0.0139 ,3013.3 ,103.3 ,0.0101 ,0.0100 ,bioconda 1.0,2909.3 ,95.8 ,0.0078 ,0.0099 ,2993.5 ,90.7 ,0.0098 ,0.0096 
C020-CHA-E20-01,HiC-phased,2925.9 ,114.3 ,N.A.,N.A.,N.A.,3017.1 ,122.7 ,N.A.,N.A.,N.A.,67.8 ,26.4 ,0.135 ,0.040 ,0.114 ,N.A.,N.A.,N.A.,N.A.,N.A.,N.A.,N.A.,N.A.,N.A.,0.19.5-r587,2931.4 ,111.4 ,N.A.,N.A.,3045.4 ,115.8 ,N.A.,N.A.,N.A.,N.A.,N.A.,N.A.,N.A.,N.A.,N.A.,N.A.,N.A.
C021-CHA-S01-01,Trio-phased,2938.9 ,135.5 ,0.0039 ,0.0147 ,75.3 ,3029.9 ,135.5 ,0.0032 ,0.0112 ,79.0 ,70.0 ,25.5 ,0.171 ,0.098 ,0.096 ,0.19.4-r575,2942.8 ,112.3 ,0.0073 ,0.0143 ,3023.3 ,98.1 ,0.0088 ,0.0097 ,0.19.4-r575,2947.8 ,111.0 ,0.0073 ,0.0150 ,3026.0 ,103.3 ,0.0088 ,0.0105 ,bioconda 1.3.1,2917.1 ,133.1 ,0.0061 ,0.0148 ,2997.3 ,133.3 ,0.0071 ,0.0102 
C021-CHA-S01_2-01,Trio-phased,2935.2 ,136.0 ,0.0033 ,0.0060 ,72.7 ,3013.6 ,155.7 ,0.0074 ,0.0153 ,79.8 ,65.2 ,24.4 ,0.265 ,0.244 ,0.173 ,0.19.2-r560,2941.5 ,99.1 ,0.0083 ,0.0076 ,3028.1 ,133.4 ,0.0152 ,0.0184 ,0.19.2-r560,2935.5 ,94.7 ,0.0083 ,0.0108 ,3030.4 ,130.6 ,0.0152 ,0.0244 ,bioconda 1.0,2897.6 ,72.1 ,0.0082 ,0.0072 ,2959.6 ,51.5 ,0.0153 ,0.0179 
C022-CHA-S02-01,Trio-phased,2930.8 ,145.8 ,0.0028 ,0.0046 ,77.0 ,3023.4 ,137.8 ,0.0042 ,0.0129 ,78.2 ,68.3 ,24.5 ,0.201 ,0.065 ,0.113 ,0.19.6-r595,2936.2 ,134.4 ,0.0071 ,0.0081 ,3030.2 ,133.2 ,0.0088 ,0.0083 ,0.19.6-r595,2914.4 ,49.3 ,0.0082 ,0.0189 ,3029.8 ,50.5 ,0.0107 ,0.0308 ,bioconda 1.3.1,2932.2 ,101.4 ,0.0064 ,0.0079 ,3027.4 ,98.4 ,0.0076 ,0.0077 
C022-CHA-S02_2-01,Trio-phased,2931.0 ,136.9 ,0.0026 ,0.0049 ,65.6 ,3035.9 ,138.0 ,0.0056 ,0.0215 ,80.1 ,68.0 ,24.6 ,0.446 ,0.362 ,0.159 ,0.19.2-r560,2933.8 ,125.0 ,0.0054 ,0.0049 ,3037.3 ,109.3 ,0.0114 ,0.0144 ,0.19.2-r560,2948.5 ,109.1 ,0.0053 ,0.0334 ,2974.8 ,98.3 ,0.0116 ,0.0184 ,bioconda 1.4,2935.4 ,103.5 ,0.0048 ,0.0048 ,3042.5 ,94.9 ,0.0108 ,0.0141 
C023-CHA-S03-01,Trio-phased,2953.9 ,145.4 ,0.0024 ,0.0040 ,58.5 ,3013.7 ,138.0 ,0.0045 ,0.0193 ,73.2 ,65.3 ,17.1 ,0.270 ,0.123 ,0.149 ,0.19.6-r595,2968.6 ,97.7 ,0.0061 ,0.0067 ,3054.6 ,94.2 ,0.0098 ,0.0122 ,0.19.6-r595,2979.3 ,110.4 ,0.0062 ,0.0088 ,3078.0 ,98.9 ,0.0100 ,0.0156 ,bioconda 1.3.1,2953.7 ,54.8 ,0.0052 ,0.0050 ,3043.2 ,60.1 ,0.0083 ,0.0091 
C023-CHA-S03_2-01,Trio-phased,2933.3 ,135.9 ,0.0031 ,0.0054 ,69.8 ,3034.5 ,155.0 ,0.0068 ,0.0153 ,89.3 ,66.2 ,24.5 ,0.228 ,0.063 ,0.110 ,0.19.2-r560,2937.8 ,111.6 ,0.0057 ,0.0069 ,3018.6 ,120.1 ,0.0147 ,0.0226 ,0.19.2-r560,2938.4 ,109.4 ,0.0057 ,0.0075 ,3019.7 ,123.2 ,0.0146 ,0.0243 ,bioconda 1.4,2934.2 ,105.0 ,0.0050 ,0.0062 ,3017.3 ,134.0 ,0.0138 ,0.0215 
C024-CHA-S04-01,Trio-phased,2929.6 ,145.4 ,0.0020 ,0.0023 ,83.1 ,3039.2 ,154.3 ,0.0050 ,0.0130 ,76.0 ,64.8 ,25.8 ,0.236 ,0.077 ,0.115 ,0.19.4-r575,2942.4 ,103.5 ,0.0059 ,0.0050 ,3030.7 ,111.7 ,0.0109 ,0.0118 ,0.19.4-r575,2939.8 ,103.4 ,0.0059 ,0.0066 ,3034.6 ,111.4 ,0.0109 ,0.0131 ,bioconda 1.3.1,2936.8 ,81.4 ,0.0048 ,0.0043 ,3030.0 ,89.0 ,0.0095 ,0.0104 
C024-CHA-S04_2-01,Trio-phased,2929.3 ,146.4 ,0.0029 ,0.0048 ,78.9 ,3016.2 ,154.3 ,0.0057 ,0.0132 ,91.6 ,64.3 ,24.4 ,0.176 ,0.053 ,0.116 ,0.19.2-r560,2934.7 ,107.9 ,0.0069 ,0.0069 ,3029.7 ,113.5 ,0.0122 ,0.0135 ,0.19.5-r587,2939.0 ,134.9 ,0.0068 ,0.0126 ,3024.7 ,117.3 ,0.0122 ,0.0132 ,bioconda 1.4,2933.2 ,121.9 ,0.0064 ,0.0060 ,3025.4 ,130.7 ,0.0115 ,0.0121 
C025-CHA-S05-01,Trio-phased,2941.6 ,137.0 ,0.0031 ,0.0058 ,81.1 ,3025.8 ,154.2 ,0.0050 ,0.0124 ,85.0 ,66.7 ,24.3 ,0.308 ,0.149 ,0.111 ,0.19.2-r560,2947.7 ,133.0 ,0.0079 ,0.0083 ,3020.6 ,133.4 ,0.0100 ,0.0103 ,0.19.2-r560,2953.4 ,110.4 ,0.0078 ,0.0117 ,3020.9 ,119.3 ,0.0101 ,0.0109 ,bioconda 1.4,2946.9 ,116.9 ,0.0076 ,0.0079 ,3021.7 ,135.4 ,0.0095 ,0.0098 
C026-CHA-S06-01,Trio-phased,2944.7 ,137.7 ,0.0029 ,0.0040 ,71.8 ,3017.3 ,154.6 ,0.0053 ,0.0103 ,77.9 ,65.1 ,23.9 ,0.301 ,0.240 ,0.170 ,0.19.2-r560,2946.8 ,94.8 ,0.0074 ,0.0076 ,3022.3 ,106.5 ,0.0091 ,0.0105 ,0.19.5-r587,2943.0 ,110.7 ,0.0073 ,0.0092 ,3027.8 ,110.4 ,0.0091 ,0.0172 ,bioconda 1.4,2947.5 ,79.6 ,0.0068 ,0.0069 ,3020.2 ,122.1 ,0.0084 ,0.0094 
C027-CHA-S07-01,Trio-phased,2923.7 ,146.0 ,0.0015 ,0.0034 ,81.4 ,3024.1 ,141.6 ,0.0073 ,0.0237 ,76.2 ,66.7 ,21.3 ,0.450 ,0.173 ,0.161 ,0.19.2-r560,2941.3 ,110.4 ,0.0035 ,0.0030 ,3045.5 ,134.0 ,0.0143 ,0.0263 ,0.19.2-r560,2945.8 ,135.1 ,0.0035 ,0.0048 ,3039.4 ,110.3 ,0.0142 ,0.0289 ,bioconda 1.4,2936.3 ,102.4 ,0.0030 ,0.0021 ,3042.5 ,110.3 ,0.0137 ,0.0249 
C028-CHA-S08-01,Trio-phased,2936.6 ,145.5 ,0.0029 ,0.0055 ,79.5 ,3019.1 ,155.3 ,0.0049 ,0.0216 ,72.1 ,64.8 ,26.0 ,0.273 ,0.139 ,0.174 ,0.19.2-r560,2942.1 ,104.2 ,0.0058 ,0.0057 ,3038.8 ,132.4 ,0.0117 ,0.0125 ,0.19.2-r560,2931.7 ,106.8 ,0.0053 ,0.0068 ,3068.5 ,131.9 ,0.0117 ,0.0216 ,bioconda 1.3.1,2942.2 ,86.5 ,0.0054 ,0.0061 ,3030.5 ,87.5 ,0.0108 ,0.0109 
C029-CHA-S09-01,Trio-phased,2929.5 ,145.6 ,0.0027 ,0.0042 ,89.3 ,3021.8 ,155.0 ,0.0068 ,0.0132 ,76.4 ,68.3 ,24.2 ,0.227 ,0.081 ,0.113 ,0.19.5-r593,2934.2 ,112.8 ,0.0069 ,0.0066 ,3032.5 ,112.5 ,0.0142 ,0.0141 ,0.19.2-r560,2932.0 ,103.5 ,0.0068 ,0.0073 ,3031.7 ,100.3 ,0.0141 ,0.0155 ,bioconda 1.3.1,2887.5 ,80.9 ,0.0061 ,0.0059 ,2991.4 ,63.9 ,0.0130 ,0.0129 
C030-CHA-S10-01,Trio-phased,2947.1 ,135.4 ,0.0033 ,0.0059 ,82.0 ,3027.0 ,154.2 ,0.0049 ,0.0133 ,70.3 ,61.2 ,23.4 ,0.192 ,0.128 ,0.116 ,0.19.2-r560,2945.3 ,109.0 ,0.0077 ,0.0116 ,3006.0 ,99.8 ,0.0085 ,0.0097 ,0.19.2-r560,2944.9 ,107.4 ,0.0078 ,0.0126 ,2903.0 ,134.9 ,0.0085 ,0.0097 ,bioconda 1.3.1,2954.0 ,97.4 ,0.0073 ,0.0109 ,3010.8 ,99.6 ,0.0074 ,0.0086 
C035-CHA-S15-01,Trio-phased,2948.3 ,136.7 ,0.0017 ,0.0031 ,68.7 ,3022.2 ,154.3 ,0.0052 ,0.0144 ,89.3 ,65.3 ,30.1 ,0.207 ,0.496 ,0.125 ,0.19.5-r593,2945.9 ,131.1 ,0.0042 ,0.0034 ,3019.5 ,106.4 ,0.0101 ,0.0125 ,0.19.5-r593,2959.8 ,101.5 ,0.0041 ,0.0033 ,3031.4 ,108.1 ,0.0100 ,0.0129 ,bioconda 1.3.1,2932.1 ,111.5 ,0.0037 ,0.0030 ,3018.9 ,127.4 ,0.0093 ,0.0118 
C036-CHA-S16-01,HiC-phased,2911.3 ,133.1 ,N.A.,N.A.,N.A.,3041.3 ,117.9 ,N.A.,N.A.,N.A.,64.2 ,26.0 ,0.209 ,0.232 ,0.131 ,N.A.,N.A.,N.A.,N.A.,N.A.,N.A.,N.A.,N.A.,N.A.,0.19.5-r587,2914.8 ,133.1 ,N.A.,N.A.,3048.1 ,107.7 ,N.A.,N.A.,N.A.,N.A.,N.A.,N.A.,N.A.,N.A.,N.A.,N.A.,N.A.
C037-CHA-S17-01,Trio-phased,2916.1 ,145.6 ,0.0023 ,0.0044 ,87.0 ,3023.8 ,145.9 ,0.0064 ,0.0191 ,74.4 ,63.3 ,27.0 ,0.266 ,0.212 ,0.106 ,0.19.8-r603,2923.4 ,107.4 ,0.0056 ,0.0063 ,3016.8 ,112.1 ,0.0116 ,0.0153 ,0.19.5-r587,2933.7 ,97.0 ,0.0055 ,0.0085 ,3005.6 ,111.8 ,0.0114 ,0.0175 ,bioconda 1.3.1,2911.6 ,124.2 ,0.0057 ,0.0064 ,3016.5 ,103.9 ,0.0109 ,0.0175 
C038-CHA-S18-01,Trio-phased,2927.2 ,136.4 ,0.0029 ,0.0060 ,72.7 ,3024.6 ,155.0 ,0.0086 ,0.0195 ,73.2 ,64.7 ,25.7 ,0.277 ,0.401 ,0.158 ,0.19.5-r587,2937.3 ,108.6 ,0.0061 ,0.0054 ,3029.5 ,133.3 ,0.0162 ,0.0219 ,0.19.5-r587,2943.0 ,136.4 ,0.0060 ,0.0091 ,3024.7 ,108.6 ,0.0161 ,0.0261 ,bioconda 1.3.1,2923.3 ,101.4 ,0.0055 ,0.0050 ,3032.7 ,127.8 ,0.0161 ,0.0216 
C039-CHA-S19-01,Trio-phased,2942.1 ,134.1 ,0.0042 ,0.0083 ,91.1 ,3015.4 ,136.9 ,0.0039 ,0.0120 ,74.1 ,66.6 ,26.1 ,0.206 ,0.317 ,0.131 ,0.19.8-r603,2947.1 ,108.4 ,0.0082 ,0.0124 ,3031.2 ,114.3 ,0.0082 ,0.0092 ,0.19.5-r587,2943.6 ,105.5 ,0.0081 ,0.0133 ,3027.8 ,111.7 ,0.0081 ,0.0111 ,bioconda 1.3.1,2938.5 ,99.0 ,0.0083 ,0.0117 ,3025.4 ,133.4 ,0.0075 ,0.0076 
C040-CHA-S20-01,Trio-phased,2918.4 ,146.1 ,0.0031 ,0.0055 ,83.0 ,3027.5 ,155.3 ,0.0045 ,0.0113 ,85.6 ,62.2 ,25.9 ,0.145 ,0.377 ,0.190 ,0.19.5-r587,2924.2 ,107.8 ,0.0066 ,0.0069 ,3034.5 ,105.9 ,0.0088 ,0.0090 ,0.19.5-r587,2877.9 ,103.9 ,0.0066 ,0.0070 ,3039.0 ,97.2 ,0.0088 ,0.0179 ,bioconda 1.3.1,2914.3 ,96.0 ,0.0064 ,0.0073 ,3025.8 ,98.9 ,0.0086 ,0.0086 
C041-CHA-N01-01,Trio-phased,2916.3 ,89.0 ,0.0021 ,0.0055 ,#N/A,3012.9 ,97.0 ,0.0042 ,0.0163 ,#N/A,61.3 ,25.5 ,0.182 ,0.144 ,0.176 ,0.19.8-r603,N.A.,N.A.,N.A.,N.A.,N.A.,N.A.,N.A.,N.A.,N.A.,N.A.,N.A.,N.A.,N.A.,N.A.,N.A.,N.A.,N.A.,bioconda 1.3.1,2887.3 ,79.9 ,0.0056 ,0.0058 ,3002.7 ,79.3 ,0.0068 ,0.0088 
C042-CHA-N02-01,Trio-phased,2920.9 ,144.0 ,0.0019 ,0.0035 ,87.0 ,3018.9 ,146.5 ,0.0052 ,0.0156 ,73.5 ,67.6 ,25.4 ,0.220 ,0.091 ,0.119 ,0.19.2-r560,2924.0 ,122.8 ,0.0057 ,0.0050 ,3024.5 ,96.0 ,0.0107 ,0.0159 ,0.19.2-r560,2917.9 ,107.9 ,0.0057 ,0.0050 ,3028.7 ,115.4 ,0.0106 ,0.0163 ,bioconda 1.4,2918.5 ,95.2 ,0.0049 ,0.0040 ,3023.8 ,99.4 ,0.0094 ,0.0144 
C043-CHA-N03-01,Trio-phased,2925.6 ,143.5 ,0.0038 ,0.0100 ,83.0 ,3035.8 ,155.3 ,0.0039 ,0.0084 ,81.2 ,68.5 ,25.5 ,0.242 ,0.119 ,0.107 ,0.19.4-r575,2943.4 ,107.0 ,0.0084 ,0.0088 ,3026.1 ,124.5 ,0.0098 ,0.0099 ,0.19.4-r575,2936.4 ,135.2 ,0.0083 ,0.0098 ,3027.8 ,131.0 ,0.0098 ,0.0119 ,bioconda 1.0,2928.5 ,83.5 ,0.0081 ,0.0096 ,2964.9 ,94.2 ,0.0093 ,0.0103 
C044-CHA-N04-01,Trio-phased,2923.4 ,145.1 ,0.0030 ,0.0075 ,83.0 ,3034.2 ,155.1 ,0.0030 ,0.0115 ,74.8 ,64.2 ,25.2 ,0.291 ,0.141 ,0.171 ,0.19.5-r593,2927.7 ,108.4 ,0.0065 ,0.0104 ,3037.6 ,104.4 ,0.0068 ,0.0067 ,0.19.4-r575,2930.1 ,133.7 ,0.0064 ,0.0103 ,3039.6 ,111.0 ,0.0068 ,0.0066 ,bioconda 1.0,2919.7 ,88.3 ,0.0062 ,0.0098 ,3029.2 ,88.4 ,0.0064 ,0.0059 
C045-CHA-N05-01,Trio-phased,2926.0 ,146.8 ,0.0024 ,0.0045 ,77.8 ,3029.6 ,155.2 ,0.0052 ,0.0128 ,85.0 ,62.9 ,25.5 ,0.306 ,0.142 ,0.192 ,0.19.4-r575,2930.5 ,133.3 ,0.0055 ,0.0051 ,3023.1 ,112.2 ,0.0108 ,0.0118 ,0.19.5-r593,2927.9 ,126.4 ,0.0054 ,0.0049 ,3027.1 ,111.5 ,0.0107 ,0.0119 ,bioconda 1.0,2795.3 ,57.3 ,0.0049 ,0.0042 ,2974.5 ,59.5 ,0.0101 ,0.0124 
C046-CHA-N06-01,Trio-phased,2915.7 ,134.6 ,0.0019 ,0.0032 ,58.0 ,3010.1 ,136.5 ,0.0068 ,0.0175 ,75.8 ,64.7 ,25.4 ,0.289 ,0.134 ,0.148 ,0.19.5-r587,2924.2 ,111.4 ,0.0058 ,0.0066 ,3026.3 ,100.0 ,0.0107 ,0.0132 ,0.19.5-r593,2917.5 ,111.9 ,0.0056 ,0.0093 ,3020.7 ,94.3 ,0.0106 ,0.0156 ,bioconda 1.3.1,2925.0 ,89.9 ,0.0052 ,0.0062 ,3031.9 ,92.9 ,0.0101 ,0.0117 
C047-CHA-N07-01,Trio-phased,2925.7 ,136.0 ,0.0025 ,0.0046 ,78.3 ,3041.6 ,145.6 ,0.0041 ,0.0114 ,80.8 ,65.4 ,25.5 ,0.205 ,0.220 ,0.129 ,0.19.2-r560,2929.0 ,102.0 ,0.0064 ,0.0061 ,3023.8 ,106.8 ,0.0090 ,0.0099 ,0.19.2-r560,2936.2 ,110.1 ,0.0063 ,0.0090 ,3018.6 ,111.2 ,0.0090 ,0.0098 ,bioconda 1.3.1,2928.8 ,70.6 ,0.0054 ,0.0048 ,3020.1 ,78.0 ,0.0077 ,0.0082 
C048-CHA-N08-01,Trio-phased,2926.9 ,146.1 ,0.0021 ,0.0044 ,87.0 ,3030.8 ,153.5 ,0.0052 ,0.0132 ,89.3 ,51.3 ,24.7 ,0.210 ,0.163 ,0.131 ,0.19.4-r575,2941.2 ,112.4 ,0.0057 ,0.0070 ,3037.8 ,134.5 ,0.0110 ,0.0139 ,0.19.4-r575,2937.4 ,93.0 ,0.0056 ,0.0055 ,3047.6 ,103.6 ,0.0110 ,0.0147 ,bioconda 1.0,2884.3 ,61.6 ,0.0053 ,0.0058 ,2948.9 ,66.3 ,0.0106 ,0.0123 
C049-CHA-N09-01,Trio-phased,2923.5 ,146.4 ,0.0023 ,0.0035 ,72.1 ,3019.9 ,155.2 ,0.0049 ,0.0112 ,79.2 ,70.0 ,26.0 ,0.174 ,0.073 ,0.117 ,0.19.4-r575,2931.5 ,107.3 ,0.0058 ,0.0051 ,3015.5 ,113.3 ,0.0106 ,0.0124 ,0.19.4-r575,2931.4 ,135.1 ,0.0057 ,0.0148 ,3018.0 ,131.7 ,0.0107 ,0.0151 ,bioconda 1.0,2895.6 ,132.2 ,0.0057 ,0.0046 ,2962.2 ,93.7 ,0.0103 ,0.0120 
C050-CHA-N10-01,Trio-phased,2942.7 ,145.3 ,0.0027 ,0.0047 ,70.3 ,3026.5 ,155.4 ,0.0042 ,0.0127 ,83.0 ,63.1 ,28.2 ,0.190 ,0.681 ,0.164 ,0.19.5-r587,2935.5 ,134.8 ,0.0054 ,0.0058 ,3017.0 ,133.1 ,0.0085 ,0.0085 ,0.19.5-r587,2907.4 ,98.9 ,0.0054 ,0.0056 ,3014.5 ,114.8 ,0.0084 ,0.0092 ,bioconda 1.4.1,2927.9 ,97.8 ,0.0055 ,0.0052 ,3006.8 ,111.7 ,0.0085 ,0.0081 
C051-CHA-N11-01,Trio-phased,2927.8 ,147.2 ,0.0028 ,0.0054 ,91.6 ,3017.7 ,154.4 ,0.0087 ,0.0222 ,79.9 ,65.4 ,28.9 ,0.180 ,0.259 ,0.087 ,0.19.8-r602,2928.9 ,109.1 ,0.0056 ,0.0067 ,3016.4 ,133.1 ,0.0150 ,0.0233 ,0.19.8-r602,2926.0 ,103.4 ,0.0056 ,0.0066 ,3018.8 ,135.4 ,0.0150 ,0.0233 ,bioconda 2.0,2923.7 ,136.4 ,0.0052 ,0.0257 ,3018.3 ,144.9 ,0.0143 ,0.0509 
C052-CHA-N12-01,Trio-phased,2930.5 ,135.4 ,0.0026 ,0.0050 ,75.0 ,3018.4 ,154.7 ,0.0084 ,0.0209 ,83.2 ,65.2 ,28.5 ,0.122 ,0.121 ,0.097 ,0.19.8-r602,2932.0 ,128.1 ,0.0053 ,0.0062 ,3024.3 ,133.7 ,0.0143 ,0.0213 ,0.19.8-r602,2929.8 ,133.6 ,0.0052 ,0.0062 ,3021.4 ,102.5 ,0.0143 ,0.0212 ,bioconda 2.0,2924.2 ,130.7 ,0.0048 ,0.0059 ,3017.8 ,134.9 ,0.0140 ,0.0213 
C053-CHA-N13-01,Trio-phased,2924.0 ,145.6 ,0.0036 ,0.0060 ,87.0 ,3024.3 ,147.0 ,0.0076 ,0.0158 ,77.2 ,65.4 ,28.5 ,0.174 ,0.359 ,0.115 ,0.19.8-r602,2928.7 ,134.9 ,0.0076 ,0.0077 ,3023.9 ,133.8 ,0.0151 ,0.0153 ,0.19.8-r602,2919.8 ,134.9 ,0.0076 ,0.0078 ,3026.3 ,133.8 ,0.0150 ,0.0151 ,bioconda 1.4.1,2911.4 ,134.9 ,0.0071 ,0.0070 ,3014.2 ,133.8 ,0.0143 ,0.0142 
C054-CHA-N14-01,Trio-phased,2932.9 ,145.7 ,0.0031 ,0.0048 ,72.2 ,3018.9 ,154.6 ,0.0073 ,0.0135 ,81.2 ,63.9 ,28.6 ,0.166 ,0.445 ,0.120 ,0.19.8-r602,2935.0 ,106.2 ,0.0069 ,0.0064 ,3028.7 ,115.9 ,0.0130 ,0.0134 ,0.19.8-r602,2930.4 ,133.8 ,0.0068 ,0.0064 ,3034.9 ,130.9 ,0.0130 ,0.0141 ,bioconda 2.0,2938.2 ,99.3 ,0.0065 ,0.0061 ,3021.3 ,135.2 ,0.0124 ,0.0127 
C055-CHA-N15-01,Trio-phased,2932.0 ,145.7 ,0.0029 ,0.0048 ,81.2 ,3026.5 ,154.4 ,0.0080 ,0.0158 ,81.2 ,64.8 ,28.6 ,0.155 ,0.239 ,0.096 ,0.19.5-r587,2935.2 ,136.4 ,0.0068 ,0.0083 ,3044.1 ,135.0 ,0.0151 ,0.0171 ,0.19.5-r587,2933.0 ,145.7 ,0.0067 ,0.0087 ,3048.0 ,133.2 ,0.0149 ,0.0173 ,bioconda 1.4,2928.6 ,135.7 ,0.0064 ,0.0079 ,3037.4 ,136.8 ,0.0145 ,0.0163 
C056-CHA-N16-01,Trio-phased,2929.2 ,144.5 ,0.0043 ,0.0091 ,87.0 ,3044.2 ,155.0 ,0.0051 ,0.0117 ,97.0 ,64.7 ,28.6 ,0.286 ,0.174 ,0.090 ,0.19.8-r602,2933.7 ,134.2 ,0.0096 ,0.0125 ,3046.1 ,123.8 ,0.0096 ,0.0082 ,0.19.8-r602,2934.3 ,134.1 ,0.0095 ,0.0127 ,3048.5 ,118.6 ,0.0096 ,0.0080 ,bioconda 1.4.1,2927.9 ,144.5 ,0.0092 ,0.0120 ,3031.7 ,136.7 ,0.0090 ,0.0073 
C057-CHA-N17-01,Trio-phased,2931.6 ,137.3 ,0.0032 ,0.0043 ,88.0 ,3041.3 ,155.5 ,0.0094 ,0.0185 ,94.2 ,63.9 ,28.4 ,0.267 ,0.592 ,0.128 ,0.19.5-r587,2939.9 ,131.2 ,0.0072 ,0.0062 ,3020.6 ,134.9 ,0.0177 ,0.0196 ,0.19.5-r587,2937.5 ,134.0 ,0.0071 ,0.0079 ,3021.9 ,137.5 ,0.0176 ,0.0216 ,bioconda 1.4,2928.8 ,137.0 ,0.0067 ,0.0059 ,3017.7 ,134.9 ,0.0171 ,0.0189 
C058-CHA-N18-01,HiC-phased,2909.6 ,145.3 ,N.A.,N.A.,N.A.,3019.8 ,137.5 ,N.A.,N.A.,N.A.,64.5 ,27.0 ,0.141 ,0.104 ,0.089 ,N.A.,N.A.,N.A.,N.A.,N.A.,N.A.,N.A.,N.A.,N.A.,0.19.8-r602,2910.9 ,137.4 ,N.A.,N.A.,3044.9 ,135.6 ,N.A.,N.A.,N.A.,N.A.,N.A.,N.A.,N.A.,N.A.,N.A.,N.A.,N.A.
C059-CHA-N19-01,Trio-phased,2927.0 ,145.6 ,0.0042 ,0.0078 ,91.6 ,3039.1 ,155.7 ,0.0056 ,0.0104 ,85.0 ,61.0 ,28.5 ,0.254 ,0.216 ,0.103 ,0.19.5-r587,2930.8 ,135.2 ,0.0095 ,0.0137 ,3047.6 ,146.7 ,0.0104 ,0.0089 ,0.19.5-r587,2931.4 ,134.0 ,0.0094 ,0.0136 ,3047.3 ,135.2 ,0.0104 ,0.0088 ,bioconda 1.4,2928.1 ,135.2 ,0.0092 ,0.0278 ,3046.5 ,146.4 ,0.0101 ,0.0363 
C060-CHA-N20-01,Trio-phased,2943.9 ,146.1 ,0.0047 ,0.0094 ,70.2 ,3042.2 ,155.4 ,0.0049 ,0.0116 ,87.0 ,66.8 ,19.1 ,0.186 ,0.403 ,0.131 ,0.19.5-r587,2941.8 ,103.4 ,0.0103 ,0.0120 ,3038.3 ,136.7 ,0.0094 ,0.0080 ,0.19.5-r587,2942.3 ,136.1 ,0.0103 ,0.0152 ,3036.2 ,122.9 ,0.0096 ,0.0123 ,bioconda 1.4,2926.1 ,129.0 ,0.0100 ,0.0115 ,3032.0 ,144.3 ,0.0091 ,0.0077 
C061-CHA-NE01-01,Trio-phased,2936.9 ,140.6 ,0.0039 ,0.0126 ,77.2 ,3037.1 ,154.2 ,0.0033 ,0.0081 ,80.8 ,61.6 ,27.3 ,0.318 ,0.450 ,0.116 ,0.19.5-r587,2933.3 ,131.3 ,0.0083 ,0.0126 ,3022.9 ,103.0 ,0.0081 ,0.0071 ,0.19.5-r587,2939.2 ,134.0 ,0.0082 ,0.0153 ,3019.8 ,108.4 ,0.0080 ,0.0117 ,bioconda 1.3.1,2933.9 ,90.0 ,0.0077 ,0.0133 ,3020.9 ,109.8 ,0.0074 ,0.0068 
C062-CHA-NE02-01,Trio-phased,2916.8 ,146.1 ,0.0022 ,0.0035 ,91.6 ,3016.7 ,155.0 ,0.0061 ,0.0180 ,83.0 ,67.6 ,27.8 ,0.236 ,0.081 ,0.121 ,0.19.5-r587,2922.9 ,134.7 ,0.0055 ,0.0049 ,3023.8 ,118.4 ,0.0119 ,0.0141 ,0.19.5-r587,2914.2 ,132.8 ,0.0055 ,0.0053 ,3030.9 ,119.7 ,0.0118 ,0.0170 ,bioconda 1.3.1,2917.8 ,133.5 ,0.0049 ,0.0042 ,3022.6 ,103.3 ,0.0111 ,0.0132 
C063-CHA-NE03-01,Trio-phased,2919.8 ,146.2 ,0.0022 ,0.0039 ,76.3 ,3018.6 ,155.3 ,0.0058 ,0.0146 ,88.3 ,64.7 ,27.5 ,0.161 ,0.185 ,0.101 ,0.19.5-r587,2920.1 ,102.8 ,0.0052 ,0.0046 ,3029.3 ,103.8 ,0.0125 ,0.0191 ,0.19.6-r595,2919.3 ,118.6 ,0.0051 ,0.0047 ,3030.8 ,107.5 ,0.0125 ,0.0191 ,bioconda 1.3.1,2918.4 ,110.7 ,0.0043 ,0.0042 ,3028.0 ,94.5 ,0.0115 ,0.0186 
C064-CHA-NE04-01,Trio-phased,2934.0 ,136.6 ,0.0027 ,0.0050 ,76.5 ,3023.9 ,154.2 ,0.0041 ,0.0129 ,83.0 ,66.6 ,27.7 ,0.211 ,0.183 ,0.112 ,0.19.6-r595,2939.3 ,127.0 ,0.0068 ,0.0067 ,3037.4 ,104.7 ,0.0092 ,0.0084 ,0.19.6-r595,2935.3 ,134.2 ,0.0066 ,0.0064 ,3037.0 ,107.1 ,0.0094 ,0.0085 ,bioconda 1.4.1,2929.7 ,99.7 ,0.0059 ,0.0058 ,3031.8 ,135.1 ,0.0082 ,0.0074 
C065-CHA-NE05-01,Trio-phased,2909.5 ,134.3 ,0.0023 ,0.0037 ,78.3 ,3036.9 ,140.1 ,0.0046 ,0.0108 ,79.3 ,63.2 ,27.9 ,0.154 ,0.104 ,0.113 ,0.19.5-r587,2911.2 ,107.1 ,0.0064 ,0.0058 ,3017.2 ,100.5 ,0.0101 ,0.0105 ,0.19.5-r587,2896.6 ,101.1 ,0.0062 ,0.0072 ,3031.6 ,128.5 ,0.0099 ,0.0146 ,bioconda 1.3.1,2903.4 ,59.3 ,0.0058 ,0.0067 ,3027.9 ,65.2 ,0.0095 ,0.0142 
C066-CHA-NE06-01,Trio-phased,2952.0 ,147.2 ,0.0029 ,0.0053 ,84.5 ,3018.3 ,135.2 ,0.0038 ,0.0133 ,82.8 ,67.4 ,28.0 ,0.209 ,0.098 ,0.113 ,0.19.5-r587,2953.3 ,104.0 ,0.0068 ,0.0074 ,3022.2 ,100.9 ,0.0090 ,0.0085 ,0.19.5-r587,2947.8 ,97.2 ,0.0067 ,0.0078 ,3031.4 ,101.1 ,0.0089 ,0.0134 ,bioconda 1.3.1,2845.5 ,95.6 ,0.0086 ,0.0080 ,2954.4 ,94.5 ,0.0064 ,0.0068 
C067-CHA-NE07-01,Trio-phased,2935.2 ,146.3 ,0.0024 ,0.0039 ,89.3 ,3021.2 ,155.1 ,0.0053 ,0.0120 ,75.5 ,65.5 ,26.3 ,0.179 ,0.190 ,0.113 ,0.19.5-r587,2937.6 ,134.0 ,0.0063 ,0.0063 ,3021.5 ,134.1 ,0.0099 ,0.0118 ,0.19.5-r587,2937.7 ,134.1 ,0.0062 ,0.0069 ,3017.5 ,128.4 ,0.0098 ,0.0134 ,bioconda 1.3.1,2932.4 ,136.4 ,0.0056 ,0.0056 ,3021.3 ,100.3 ,0.0090 ,0.0108 
C068-CHA-NE08-01,Trio-phased,2930.6 ,146.0 ,0.0046 ,0.0210 ,57.8 ,3018.7 ,135.2 ,0.0039 ,0.0275 ,55.0 ,55.3 ,25.4 ,0.201 ,3.449 ,0.521 ,0.19.8-r602,2890.7 ,101.0 ,0.0094 ,0.0239 ,3011.2 ,105.7 ,0.0075 ,0.0206 ,0.19.8-r602,2880.9 ,105.6 ,0.0093 ,0.0285 ,2976.9 ,104.9 ,0.0071 ,0.0244 ,bioconda 1.3.1,2963.4 ,46.9 ,0.0099 ,0.0196 ,3041.1 ,55.2 ,0.0074 ,0.0118 
C069-CHA-NE09-01,Trio-phased,2940.4 ,137.8 ,0.0022 ,0.0039 ,60.9 ,3042.2 ,154.7 ,0.0061 ,0.0159 ,57.2 ,65.7 ,26.6 ,0.204 ,0.087 ,0.121 ,0.19.8-r602,2943.9 ,102.1 ,0.0054 ,0.0046 ,3031.5 ,110.2 ,0.0128 ,0.0178 ,0.19.6-r595,2943.3 ,110.2 ,0.0053 ,0.0050 ,3026.9 ,110.3 ,0.0127 ,0.0179 ,bioconda 1.4.1,2942.2 ,111.7 ,0.0046 ,0.0040 ,3022.5 ,110.4 ,0.0118 ,0.0165 
C070-CHA-NE10-01,Trio-phased,2932.7 ,134.6 ,0.0096 ,0.0198 ,60.0 ,3028.0 ,137.4 ,0.0147 ,0.0332 ,49.1 ,64.3 ,17.0 ,0.237 ,0.376 ,0.118 ,0.19.8-r602,2934.4 ,89.3 ,0.0090 ,0.0094 ,3027.7 ,87.6 ,0.0073 ,0.0121 ,0.19.8-r602,2936.3 ,130.4 ,0.0072 ,0.0125 ,3025.8 ,134.2 ,0.0087 ,0.0116 ,N.A.,N.A.,N.A.,N.A.,N.A.,N.A.,N.A.,N.A.,N.A.
C071-CHA-NE11-01,Trio-phased,2926.8 ,146.7 ,0.0030 ,0.0067 ,85.0 ,3024.2 ,154.6 ,0.0045 ,0.0151 ,80.0 ,64.7 ,26.7 ,0.169 ,0.320 ,0.104 ,0.19.8-r602,2926.6 ,110.5 ,0.0061 ,0.0069 ,3025.3 ,133.4 ,0.0094 ,0.0116 ,0.19.8-r602,2929.5 ,109.7 ,0.0060 ,0.0088 ,3020.2 ,133.4 ,0.0092 ,0.0124 ,bioconda 1.4.1,2926.3 ,110.7 ,0.0055 ,0.0053 ,3024.6 ,103.3 ,0.0084 ,0.0089 
C072-CHA-NE12-01,Trio-phased,2929.6 ,144.3 ,0.0028 ,0.0053 ,69.9 ,3025.8 ,156.1 ,0.0041 ,0.0096 ,65.6 ,61.6 ,27.2 ,0.211 ,0.519 ,0.084 ,0.19.5-r587,2924.9 ,127.1 ,0.0064 ,0.0066 ,3037.6 ,134.4 ,0.0093 ,0.0097 ,0.19.6-r595,2925.4 ,128.3 ,0.0063 ,0.0069 ,3040.6 ,116.8 ,0.0092 ,0.0105 ,bioconda 1.3.1,2921.8 ,132.7 ,0.0060 ,0.0061 ,2992.1 ,93.8 ,0.0083 ,0.0080 
C073-CHA-NE13-01,Trio-phased,2918.9 ,146.2 ,0.0025 ,0.0041 ,85.0 ,3035.7 ,155.1 ,0.0052 ,0.0141 ,83.0 ,64.1 ,26.9 ,0.348 ,0.238 ,0.093 ,0.19.5-r587,2921.1 ,131.9 ,0.0056 ,0.0052 ,3041.7 ,103.0 ,0.0103 ,0.0135 ,0.19.6-r595,2923.4 ,131.9 ,0.0056 ,0.0081 ,3039.1 ,104.0 ,0.0102 ,0.0133 ,bioconda 1.3.1,2918.9 ,110.6 ,0.0051 ,0.0045 ,3037.3 ,110.4 ,0.0095 ,0.0119 
C074-CHA-NE14-01,Trio-phased,2929.3 ,138.3 ,0.0035 ,0.0077 ,76.4 ,3042.3 ,155.0 ,0.0031 ,0.0103 ,76.2 ,65.1 ,26.7 ,0.334 ,0.217 ,0.107 ,0.19.5-r587,2932.7 ,108.4 ,0.0075 ,0.0113 ,3052.5 ,118.2 ,0.0064 ,0.0053 ,0.19.6-r595,2878.2 ,110.0 ,0.0073 ,0.0107 ,3111.4 ,111.0 ,0.0065 ,0.0253 ,bioconda 1.3.1,2929.2 ,103.9 ,0.0069 ,0.0108 ,3057.0 ,135.2 ,0.0056 ,0.0055 
C075-CHA-NE15-01,Trio-phased,2939.6 ,145.9 ,0.0033 ,0.0082 ,83.7 ,3045.8 ,146.4 ,0.0039 ,0.0157 ,68.3 ,60.7 ,27.0 ,0.190 ,0.326 ,0.142 ,0.19.5-r587,2937.3 ,134.7 ,0.0074 ,0.0093 ,3024.9 ,107.7 ,0.0083 ,0.0074 ,0.19.6-r595,2914.5 ,134.7 ,0.0073 ,0.0093 ,3044.5 ,107.7 ,0.0081 ,0.0204 ,bioconda 1.3.1,2951.5 ,134.2 ,0.0074 ,0.0107 ,3010.3 ,100.5 ,0.0077 ,0.0069 
C076-CHA-NE16-01,Trio-phased,2953.2 ,136.4 ,0.0021 ,0.0082 ,58.0 ,3023.4 ,147.3 ,0.0060 ,0.0176 ,66.1 ,64.1 ,26.9 ,0.167 ,0.779 ,0.112 ,0.19.5-r587,2931.7 ,91.1 ,0.0049 ,0.0040 ,3054.0 ,110.9 ,0.0114 ,0.0165 ,0.19.6-r595,2921.6 ,91.1 ,0.0048 ,0.0052 ,3063.5 ,102.0 ,0.0112 ,0.0209 ,bioconda 1.4.1,2921.7 ,98.4 ,0.0046 ,0.0141 ,3051.7 ,98.2 ,0.0123 ,0.0315 
C077-CHA-NE17-01,Trio-phased,2935.1 ,146.4 ,0.0023 ,0.0058 ,81.2 ,3053.2 ,152.7 ,0.0058 ,0.0137 ,80.0 ,62.5 ,17.1 ,0.173 ,0.333 ,0.596 ,0.19.5-r587,2943.3 ,102.6 ,0.0059 ,0.0057 ,3012.8 ,108.2 ,0.0112 ,0.0153 ,0.19.6-r595,2949.1 ,103.5 ,0.0058 ,0.0097 ,2995.0 ,107.8 ,0.0109 ,0.0175 ,bioconda 1.3.1,2914.9 ,92.5 ,0.0057 ,0.0047 ,3004.2 ,90.4 ,0.0112 ,0.0181 
C078-CHA-NE18-01,Trio-phased,2933.3 ,134.6 ,0.0023 ,0.0037 ,64.9 ,3010.0 ,136.9 ,0.0051 ,0.0161 ,75.4 ,59.0 ,27.7 ,0.253 ,0.426 ,0.153 ,0.19.5-r587,2936.8 ,97.0 ,0.0057 ,0.0055 ,3021.7 ,134.1 ,0.0091 ,0.0121 ,0.19.6-r595,2939.5 ,104.0 ,0.0056 ,0.0065 ,3014.4 ,134.1 ,0.0092 ,0.0143 ,bioconda 1.3.1,2938.9 ,106.4 ,0.0059 ,0.0059 ,3009.4 ,89.4 ,0.0095 ,0.0124 
C079-CHA-NE19-01,Trio-phased,2913.8 ,146.3 ,0.0030 ,0.0052 ,68.3 ,3018.8 ,154.4 ,0.0041 ,0.0110 ,70.6 ,61.3 ,29.4 ,0.285 ,0.128 ,0.104 ,0.19.5-r587,2922.5 ,133.2 ,0.0069 ,0.0067 ,3021.2 ,110.2 ,0.0090 ,0.0098 ,0.19.6-r595,2925.9 ,104.2 ,0.0068 ,0.0072 ,3018.2 ,110.2 ,0.0089 ,0.0100 ,bioconda 1.3.1,2916.9 ,89.0 ,0.0074 ,0.0069 ,3017.6 ,104.2 ,0.0092 ,0.0103 
C080-CHA-NE20-01,Trio-phased,2926.1 ,135.9 ,0.0025 ,0.0039 ,85.2 ,3017.7 ,139.7 ,0.0051 ,0.0120 ,70.5 ,66.5 ,29.7 ,0.204 ,0.168 ,0.111 ,0.19.5-r587,2928.4 ,133.8 ,0.0056 ,0.0054 ,3029.2 ,104.6 ,0.0093 ,0.0095 ,0.19.6-r595,2908.3 ,133.8 ,0.0055 ,0.0072 ,3049.2 ,134.2 ,0.0092 ,0.0174 ,bioconda 1.3.1,2926.7 ,107.3 ,0.0049 ,0.0047 ,3021.6 ,123.2 ,0.0084 ,0.0086 
C081-CHA-C01-01,Trio-phased,2946.9 ,147.4 ,0.0028 ,0.0044 ,79.5 ,3025.0 ,154.4 ,0.0046 ,0.0094 ,94.2 ,66.2 ,24.9 ,0.176 ,0.091 ,0.110 ,0.19.5-r593,2950.6 ,111.4 ,0.0074 ,0.0066 ,3035.8 ,108.7 ,0.0113 ,0.0100 ,0.19.8-r603,2951.9 ,111.1 ,0.0073 ,0.0075 ,3038.0 ,103.2 ,0.0112 ,0.0114 ,bioconda 1.0,2931.7 ,128.1 ,0.0104 ,0.0092 ,2969.5 ,93.6 ,0.0069 ,0.0061 
C082-CHA-C02-01,Trio-phased,2916.3 ,146.4 ,0.0071 ,0.0159 ,73.2 ,3031.0 ,154.2 ,0.0047 ,0.0109 ,79.1 ,66.7 ,24.6 ,0.207 ,0.315 ,0.100 ,0.19.5-r587,2925.3 ,107.4 ,0.0143 ,0.0252 ,3034.9 ,104.1 ,0.0080 ,0.0079 ,0.19.5-r587,2927.9 ,113.2 ,0.0142 ,0.0296 ,3028.1 ,104.4 ,0.0081 ,0.0122 ,bioconda 1.4,2913.2 ,132.4 ,0.0143 ,0.0250 ,3025.6 ,133.6 ,0.0075 ,0.0075 
C083-CHA-C03-01,Trio-phased,2944.6 ,137.2 ,0.0041 ,0.0064 ,77.5 ,3020.3 ,135.9 ,0.0108 ,0.0295 ,73.5 ,65.5 ,29.2 ,0.160 ,0.185 ,0.116 ,0.19.5-r587,2948.7 ,103.8 ,0.0084 ,0.0073 ,3020.0 ,108.3 ,0.0191 ,0.0338 ,0.19.5-r587,2952.9 ,109.3 ,0.0084 ,0.0091 ,3019.0 ,111.4 ,0.0190 ,0.0358 ,bioconda 1.4,2939.6 ,130.7 ,0.0080 ,0.0068 ,3014.4 ,132.9 ,0.0185 ,0.0330 
C084-CHA-C04-01,HiC-phased,2937.3 ,116.0 ,N.A.,N.A.,N.A.,3042.5 ,136.1 ,N.A.,N.A.,N.A.,64.1 ,29.2 ,0.183 ,0.310 ,0.162 ,N.A.,N.A.,N.A.,N.A.,N.A.,N.A.,N.A.,N.A.,N.A.,0.19.8-r602,2935.6 ,104.1 ,N.A.,N.A.,3045.4 ,111.2 ,N.A.,N.A.,N.A.,N.A.,N.A.,N.A.,N.A.,N.A.,N.A.,N.A.,N.A.
C085-CHA-C05-01,Trio-phased,2921.6 ,109.4 ,0.0051 ,0.0098 ,51.5 ,3040.9 ,104.9 ,0.0058 ,0.0132 ,41.5 ,58.8 ,17.1 ,0.204 ,0.430 ,0.201 ,0.19.8-r602,2926.2 ,103.6 ,0.0089 ,0.0084 ,3044.6 ,97.6 ,0.0116 ,0.0169 ,N.A.,N.A.,N.A.,N.A.,N.A.,N.A.,N.A.,N.A.,N.A.,N.A.,N.A.,N.A.,N.A.,N.A.,N.A.,N.A.,N.A.,N.A.
C086-CHA-C06-01,Trio-phased,2946.3 ,133.4 ,0.0051 ,0.0084 ,58.4 ,3022.1 ,107.9 ,0.0064 ,0.0138 ,46.2 ,60.2 ,17.5 ,0.300 ,0.180 ,0.176 ,0.19.8-r602,2960.9 ,129.4 ,0.0101 ,0.0105 ,3033.0 ,98.2 ,0.0126 ,0.0189 ,N.A.,N.A.,N.A.,N.A.,N.A.,N.A.,N.A.,N.A.,N.A.,N.A.,N.A.,N.A.,N.A.,N.A.,N.A.,N.A.,N.A.,N.A.
C087-CHA-C07-01,Trio-phased,2933.5 ,138.5 ,0.0024 ,0.0040 ,73.8 ,3037.1 ,155.1 ,0.0081 ,0.0222 ,94.2 ,66.1 ,26.0 ,0.303 ,0.356 ,0.123 ,0.19.5-r587,2938.1 ,132.7 ,0.0050 ,0.0044 ,3045.3 ,105.7 ,0.0147 ,0.0197 ,0.19.5-r587,2940.0 ,115.7 ,0.0049 ,0.0122 ,3042.7 ,103.5 ,0.0148 ,0.0211 ,bioconda 1.4,2931.2 ,124.9 ,0.0046 ,0.0041 ,3034.1 ,136.2 ,0.0141 ,0.0187 
C088-CHA-C08-01,Trio-phased,2957.7 ,137.9 ,0.0034 ,0.0061 ,79.7 ,3034.4 ,155.4 ,0.0089 ,0.0247 ,80.5 ,65.0 ,25.4 ,0.331 ,0.136 ,0.133 ,0.19.8-r602,2962.3 ,108.8 ,0.0069 ,0.0062 ,3043.3 ,130.0 ,0.0161 ,0.0321 ,0.19.8-r602,2958.4 ,110.4 ,0.0068 ,0.0061 ,3045.7 ,134.6 ,0.0160 ,0.0321 ,bioconda 1.4.1,2954.1 ,132.0 ,0.0065 ,0.0059 ,3029.4 ,135.6 ,0.0154 ,0.0314 
C089-CHA-C09-01,Trio-phased,2931.9 ,147.3 ,0.0026 ,0.0036 ,76.4 ,3012.9 ,154.0 ,0.0065 ,0.0160 ,91.6 ,66.7 ,25.1 ,0.313 ,0.120 ,0.134 ,0.19.8-r602,2942.6 ,116.8 ,0.0053 ,0.0048 ,3018.2 ,132.3 ,0.0117 ,0.0127 ,0.19.8-r602,2941.7 ,129.6 ,0.0053 ,0.0050 ,3019.5 ,132.5 ,0.0116 ,0.0129 ,bioconda 1.4.1,2937.1 ,110.1 ,0.0050 ,0.0045 ,3017.6 ,145.5 ,0.0109 ,0.0118 
C090-CHA-C10-01,Trio-phased,2940.1 ,145.6 ,0.0063 ,0.0078 ,73.6 ,3030.6 ,155.3 ,0.0097 ,0.0189 ,94.2 ,62.7 ,28.2 ,0.159 ,0.196 ,0.107 ,0.19.8-r602,2941.1 ,111.8 ,0.0131 ,0.0124 ,3035.7 ,108.9 ,0.0170 ,0.0167 ,0.19.8-r602,2941.8 ,110.4 ,0.0129 ,0.0128 ,3032.9 ,98.7 ,0.0169 ,0.0171 ,bioconda 1.4.1,2935.8 ,134.6 ,0.0131 ,0.0121 ,3027.3 ,109.4 ,0.0165 ,0.0160 
C091-CHA-C11-01,Trio-phased,2928.5 ,146.0 ,0.0055 ,0.0085 ,80.2 ,3035.8 ,146.3 ,0.0082 ,0.0205 ,64.4 ,65.7 ,25.8 ,0.242 ,0.478 ,0.138 ,0.19.8-r602,2933.4 ,103.6 ,0.0115 ,0.0115 ,3034.4 ,128.5 ,0.0152 ,0.0149 ,0.19.8-r602,2932.1 ,117.4 ,0.0114 ,0.0177 ,3034.3 ,111.1 ,0.0152 ,0.0156 ,bioconda 1.4.1,2922.2 ,128.7 ,0.0113 ,0.0111 ,3020.3 ,131.3 ,0.0154 ,0.0151 
C092-CHA-C12-01,Trio-phased,2915.2 ,146.2 ,0.0050 ,0.0100 ,73.1 ,3033.9 ,154.1 ,0.0068 ,0.0129 ,83.0 ,63.6 ,26.4 ,0.275 ,0.380 ,0.119 ,0.19.8-r602,2918.2 ,135.0 ,0.0105 ,0.0135 ,3036.9 ,124.9 ,0.0125 ,0.0110 ,0.19.8-r602,2917.4 ,134.2 ,0.0104 ,0.0141 ,3039.7 ,132.1 ,0.0126 ,0.0126 ,bioconda 1.4.1,2914.8 ,134.7 ,0.0101 ,0.0129 ,3021.1 ,131.4 ,0.0123 ,0.0107 
C093-CHA-C13-01,Trio-phased,2924.8 ,146.6 ,0.0028 ,0.0043 ,85.9 ,3029.6 ,154.8 ,0.0058 ,0.0137 ,85.7 ,65.2 ,23.9 ,0.178 ,0.081 ,0.120 ,0.19.8-r602,2927.9 ,111.8 ,0.0063 ,0.0057 ,3032.2 ,131.5 ,0.0114 ,0.0109 ,0.19.8-r602,2936.1 ,133.4 ,0.0063 ,0.0081 ,3022.7 ,133.9 ,0.0113 ,0.0140 ,bioconda 1.4.1,2922.9 ,133.4 ,0.0060 ,0.0054 ,3026.4 ,111.7 ,0.0109 ,0.0106 
C094-CHA-C14-01,Trio-phased,2933.1 ,145.7 ,0.0030 ,0.0049 ,85.0 ,3029.2 ,154.1 ,0.0053 ,0.0132 ,91.6 ,66.7 ,29.4 ,0.194 ,0.108 ,0.126 ,0.19.8-r602,2935.7 ,111.1 ,0.0059 ,0.0059 ,3031.5 ,112.6 ,0.0095 ,0.0132 ,0.19.8-r602,2934.0 ,129.1 ,0.0058 ,0.0059 ,3031.5 ,111.3 ,0.0094 ,0.0131 ,bioconda 1.4.1,2926.5 ,139.5 ,0.0052 ,0.0053 ,3029.7 ,154.1 ,0.0085 ,0.0120 
C095-CHA-C15-01,Trio-phased,2948.8 ,146.9 ,0.0047 ,0.0116 ,85.0 ,3019.6 ,154.4 ,0.0026 ,0.0128 ,94.2 ,67.3 ,27.5 ,0.217 ,0.078 ,0.122 ,0.19.8-r602,2957.2 ,134.6 ,0.0091 ,0.0127 ,3023.5 ,131.6 ,0.0053 ,0.0046 ,0.19.8-r602,2955.4 ,136.9 ,0.0090 ,0.0149 ,3021.9 ,133.6 ,0.0052 ,0.0081 ,bioconda 1.4.1,2945.3 ,136.9 ,0.0086 ,0.0123 ,3016.2 ,145.7 ,0.0043 ,0.0035 
C096-CHA-C16-01,Trio-phased,2913.4 ,146.6 ,0.0017 ,0.0024 ,89.3 ,3033.1 ,154.5 ,0.0131 ,0.0402 ,89.3 ,65.2 ,26.6 ,0.174 ,0.111 ,0.113 ,0.19.8-r602,2915.5 ,133.0 ,0.0043 ,0.0037 ,3035.0 ,141.3 ,0.0208 ,0.0452 ,0.19.8-r602,2916.5 ,135.2 ,0.0042 ,0.0035 ,3032.3 ,134.9 ,0.0207 ,0.0441 ,bioconda 2.0,2905.6 ,133.2 ,0.0036 ,0.0029 ,3033.5 ,134.1 ,0.0203 ,0.0437 
C097-CHA-C17-01,Trio-phased,2944.9 ,145.9 ,0.0023 ,0.0036 ,82.0 ,3022.5 ,154.3 ,0.0054 ,0.0277 ,97.0 ,65.5 ,27.0 ,0.121 ,0.080 ,0.112 ,0.19.8-r602,2945.9 ,134.4 ,0.0052 ,0.0046 ,3023.2 ,136.2 ,0.0094 ,0.0110 ,0.19.8-r602,2945.5 ,134.4 ,0.0052 ,0.0139 ,3023.9 ,136.2 ,0.0092 ,0.0245 ,bioconda 1.4.1,2941.7 ,145.9 ,0.0047 ,0.0051 ,3021.5 ,145.8 ,0.0086 ,0.0115 
C098-CHA-C18-01,HiC-phased,2953.6 ,102.5 ,N.A.,N.A.,N.A.,3015.9 ,145.4 ,N.A.,N.A.,N.A.,66.3 ,28.3 ,0.222 ,0.194 ,0.136 ,N.A.,N.A.,N.A.,N.A.,N.A.,N.A.,N.A.,N.A.,N.A.,0.19.8-r602,2955.3 ,96.8 ,N.A.,N.A.,3017.0 ,135.1 ,N.A.,N.A.,N.A.,N.A.,N.A.,N.A.,N.A.,N.A.,N.A.,N.A.,N.A.
C099-CHA-C19-01,Trio-phased,2945.9 ,146.0 ,0.0048 ,0.0070 ,83.0 ,3036.3 ,155.2 ,0.0077 ,0.0152 ,91.7 ,65.9 ,26.3 ,0.226 ,0.256 ,0.153 ,0.19.5-r587,2949.2 ,134.0 ,0.0100 ,0.0107 ,3037.3 ,135.0 ,0.0144 ,0.0139 ,0.19.5-r587,2937.4 ,134.0 ,0.0100 ,0.0110 ,3000.6 ,133.5 ,0.0142 ,0.0141 ,bioconda 1.4,2950.0 ,135.4 ,0.0094 ,0.0134 ,3008.4 ,134.6 ,0.0136 ,0.0130 
C100-CHA-C20-01,Trio-phased,2957.6 ,145.6 ,0.0087 ,0.0146 ,89.3 ,3004.9 ,155.2 ,0.0138 ,0.0192 ,94.2 ,65.7 ,26.0 ,0.294 ,0.163 ,0.139 ,0.19.5-r587,2958.2 ,111.4 ,0.0148 ,0.0180 ,3008.9 ,135.1 ,0.0201 ,0.0197 ,0.19.5-r587,2947.8 ,111.4 ,0.0144 ,0.0175 ,3010.1 ,135.1 ,0.0199 ,0.0199 ,bioconda 1.4,2952.6 ,142.1 ,0.0140 ,0.0168 ,3006.5 ,155.2 ,0.0191 ,0.0183 
C101-CZA01-01,Trio-phased,2927.1 ,147.0 ,0.0018 ,0.0079 ,81.2 ,3033.2 ,135.4 ,0.0065 ,0.0324 ,67.9 ,61.2 ,27.7 ,0.306 ,0.679 ,0.630 ,0.19.8-r602,2924.7 ,104.8 ,0.0044 ,0.0039 ,3032.0 ,102.1 ,0.0117 ,0.0153 ,0.19.8-r602,2932.3 ,108.2 ,0.0043 ,0.0183 ,3026.2 ,105.1 ,0.0117 ,0.0295 ,bioconda 1.4.1,2923.9 ,118.9 ,0.0039 ,0.0033 ,3019.6 ,92.7 ,0.0113 ,0.0144 
C102-CZA02-01,Trio-phased,2904.1 ,135.3 ,0.0005 ,0.0026 ,72.2 ,3021.9 ,135.0 ,0.0018 ,0.0129 ,67.7 ,62.6 ,27.0 ,0.267 ,0.282 ,0.131 ,0.19.8-r602,2907.9 ,97.8 ,0.0010 ,0.0014 ,3026.8 ,112.1 ,0.0026 ,0.0037 ,0.19.8-r602,2910.8 ,134.3 ,0.0010 ,0.0034 ,3025.1 ,112.1 ,0.0026 ,0.0087 ,bioconda 1.4.1,2901.1 ,129.7 ,0.0014 ,0.0018 ,3020.3 ,99.8 ,0.0021 ,0.0033 
C103-CZA03-01,HiC-phased,2909.1 ,134.2 ,N.A.,N.A.,N.A.,3039.8 ,134.2 ,N.A.,N.A.,N.A.,61.7 ,28.4 ,0.235 ,0.621 ,0.133 ,N.A.,N.A.,N.A.,N.A.,N.A.,N.A.,N.A.,N.A.,N.A.,0.19.8-r602,2895.6 ,108.9 ,N.A.,N.A.,3043.3 ,103.7 ,N.A.,N.A.,N.A.,N.A.,N.A.,N.A.,N.A.,N.A.,N.A.,N.A.,N.A.
C104-CZA04-01,HiC-phased,2961.3 ,118.2 ,N.A.,N.A.,N.A.,3038.6 ,129.7 ,N.A.,N.A.,N.A.,58.4 ,28.2 ,0.338 ,0.878 ,0.195 ,N.A.,N.A.,N.A.,N.A.,N.A.,N.A.,N.A.,N.A.,N.A.,0.19.8-r602,2939.4 ,111.6 ,N.A.,N.A.,3043.4 ,115.5 ,N.A.,N.A.,N.A.,N.A.,N.A.,N.A.,N.A.,N.A.,N.A.,N.A.,N.A.
C105-CZA05-01,Trio-phased,2919.0 ,145.5 ,0.0024 ,0.0054 ,76.4 ,3030.6 ,153.7 ,0.0059 ,0.0228 ,78.3 ,65.7 ,27.7 ,0.202 ,0.312 ,0.133 ,0.19.8-r602,2922.0 ,132.0 ,0.0055 ,0.0048 ,3031.6 ,134.3 ,0.0099 ,0.0127 ,0.19.8-r602,2928.9 ,134.1 ,0.0054 ,0.0062 ,3021.7 ,131.4 ,0.0098 ,0.0140 ,bioconda 1.4.1,2909.2 ,109.4 ,0.0053 ,0.0099 ,3026.6 ,102.5 ,0.0097 ,0.0210 
C106-CZA06-01,Trio-phased,2903.6 ,146.4 ,0.0033 ,0.0060 ,79.8 ,3023.4 ,155.3 ,0.0053 ,0.0100 ,74.9 ,60.6 ,28.6 ,0.222 ,0.151 ,0.129 ,0.19.8-r602,2906.5 ,112.9 ,0.0068 ,0.0076 ,3027.9 ,105.3 ,0.0096 ,0.0091 ,0.19.8-r602,2903.8 ,134.2 ,0.0067 ,0.0089 ,3031.4 ,105.3 ,0.0095 ,0.0121 ,bioconda 1.4.1,2894.2 ,132.1 ,0.0063 ,0.0069 ,3012.5 ,134.5 ,0.0089 ,0.0079 
C107-CZA07-01,HiC-phased,2922.5 ,136.2 ,N.A.,N.A.,N.A.,3024.8 ,135.0 ,N.A.,N.A.,N.A.,65.4 ,28.5 ,0.211 ,0.108 ,0.109 ,N.A.,N.A.,N.A.,N.A.,N.A.,N.A.,N.A.,N.A.,N.A.,0.19.8-r602,2924.4 ,134.5 ,N.A.,N.A.,3028.7 ,104.1 ,N.A.,N.A.,N.A.,N.A.,N.A.,N.A.,N.A.,N.A.,N.A.,N.A.,N.A.
C108-CZA08-01,Trio-phased,2943.5 ,145.8 ,0.0019 ,0.0036 ,79.5 ,3028.2 ,154.1 ,0.0179 ,0.0499 ,71.1 ,66.9 ,28.4 ,0.237 ,0.340 ,0.117 ,0.19.8-r602,2938.5 ,133.8 ,0.0035 ,0.0034 ,3032.5 ,123.7 ,0.0277 ,0.0637 ,0.19.8-r602,2934.0 ,135.1 ,0.0034 ,0.0032 ,3036.8 ,123.7 ,0.0277 ,0.0635 ,bioconda 1.4.1,2930.8 ,124.5 ,0.0030 ,0.0032 ,3013.8 ,97.3 ,0.0278 ,0.0631 
C109-CUG01-01,Trio-phased,2928.7 ,135.2 ,0.0036 ,0.0079 ,81.7 ,3029.6 ,154.5 ,0.0078 ,0.0168 ,77.9 ,66.5 ,25.0 ,0.203 ,0.377 ,0.099 ,0.19.8-r602,2928.6 ,112.0 ,0.0065 ,0.0104 ,3024.4 ,118.6 ,0.0152 ,0.0176 ,0.19.5-r587,2930.7 ,111.7 ,0.0064 ,0.0110 ,3025.6 ,118.6 ,0.0151 ,0.0188 ,bioconda 2.0,2926.9 ,135.2 ,0.0062 ,0.0101 ,3014.3 ,134.9 ,0.0150 ,0.0173 
C110-CUG02-01,Trio-phased,2929.7 ,134.0 ,0.0034 ,0.0054 ,76.4 ,3046.5 ,155.5 ,0.0080 ,0.0151 ,91.6 ,66.3 ,25.2 ,0.180 ,0.135 ,0.107 ,0.19.5-r587,2931.9 ,132.6 ,0.0065 ,0.0054 ,3045.3 ,111.5 ,0.0157 ,0.0229 ,0.19.5-r587,2932.9 ,132.6 ,0.0063 ,0.0072 ,3048.0 ,134.8 ,0.0159 ,0.0251 ,bioconda 1.4,2925.1 ,134.0 ,0.0060 ,0.0049 ,3038.4 ,134.8 ,0.0156 ,0.0226 
C111-CUG03-01,Trio-phased,2930.3 ,134.3 ,0.0050 ,0.0097 ,62.2 ,3029.3 ,154.8 ,0.0045 ,0.0135 ,72.3 ,65.5 ,25.9 ,0.279 ,0.258 ,0.110 ,0.19.8-r602,2934.3 ,88.7 ,0.0104 ,0.0138 ,3034.1 ,99.6 ,0.0079 ,0.0109 ,0.19.8-r602,2928.2 ,111.1 ,0.0103 ,0.0136 ,3039.2 ,99.6 ,0.0079 ,0.0126 ,bioconda 1.4.1,2919.2 ,96.9 ,0.0100 ,0.0132 ,3012.6 ,87.7 ,0.0072 ,0.0101 
C112-CUG04-01,Trio-phased,2928.6 ,145.7 ,0.0033 ,0.0049 ,89.3 ,3039.3 ,154.9 ,0.0064 ,0.0131 ,97.0 ,63.8 ,24.7 ,0.145 ,0.117 ,0.089 ,0.19.8-r602,2931.5 ,107.7 ,0.0067 ,0.0058 ,3042.2 ,119.9 ,0.0126 ,0.0158 ,0.19.8-r602,2931.4 ,111.1 ,0.0066 ,0.0067 ,3043.3 ,134.7 ,0.0125 ,0.0188 ,bioconda 1.4.1,2926.2 ,145.7 ,0.0064 ,0.0054 ,3051.6 ,134.7 ,0.0125 ,0.0155 
C113-CUG05-01,Trio-phased,2931.7 ,147.9 ,0.0043 ,0.0064 ,79.5 ,3040.1 ,139.2 ,0.0067 ,0.0137 ,78.7 ,65.0 ,26.5 ,0.236 ,0.565 ,0.104 ,0.19.8-r602,2929.3 ,107.5 ,0.0090 ,0.0094 ,3044.7 ,135.2 ,0.0131 ,0.0132 ,0.19.8-r602,2931.5 ,133.0 ,0.0088 ,0.0091 ,3044.7 ,134.6 ,0.0136 ,0.0138 ,bioconda 1.4.1,2924.9 ,132.3 ,0.0084 ,0.0088 ,3032.8 ,107.4 ,0.0133 ,0.0131 
C114-CMG01-01,Trio-phased,2917.5 ,137.8 ,0.0024 ,0.0041 ,78.1 ,3011.7 ,153.1 ,0.0090 ,0.0214 ,85.0 ,63.2 ,27.9 ,0.222 ,0.382 ,0.130 ,0.19.8-r602,2921.8 ,117.2 ,0.0046 ,0.0039 ,3023.0 ,134.7 ,0.0165 ,0.0284 ,0.19.8-r602,2927.0 ,111.5 ,0.0046 ,0.0047 ,3014.2 ,134.9 ,0.0164 ,0.0289 ,bioconda 1.4.1,2932.1 ,108.2 ,0.0042 ,0.0090 ,2991.9 ,104.0 ,0.0162 ,0.0278 
C115-CMG02-01,Trio-phased,2943.0 ,135.3 ,0.0033 ,0.0071 ,74.3 ,3015.9 ,155.3 ,0.0048 ,0.0147 ,75.0 ,62.5 ,25.6 ,0.177 ,0.434 ,0.092 ,0.19.8-r602,2940.6 ,117.6 ,0.0073 ,0.0087 ,3018.3 ,115.1 ,0.0088 ,0.0086 ,0.19.8-r602,2926.5 ,120.4 ,0.0071 ,0.0430 ,2994.2 ,115.1 ,0.0089 ,0.0567 ,bioconda 1.4.1,2933.6 ,132.3 ,0.0071 ,0.0083 ,3015.9 ,110.4 ,0.0084 ,0.0076 
C116-CMG03-01,Trio-phased,2915.1 ,146.1 ,0.0043 ,0.0078 ,76.4 ,3022.4 ,154.4 ,0.0046 ,0.0092 ,79.8 ,63.5 ,27.8 ,0.204 ,0.218 ,0.085 ,0.19.8-r602,2920.4 ,138.1 ,0.0090 ,0.0129 ,3033.0 ,130.2 ,0.0078 ,0.0071 ,0.19.8-r602,2924.0 ,138.1 ,0.0090 ,0.0132 ,3030.4 ,136.0 ,0.0077 ,0.0070 ,bioconda 1.4.1,2913.8 ,134.5 ,0.0087 ,0.0122 ,3021.6 ,134.9 ,0.0073 ,0.0068 
C117-CMG04-01,Trio-phased,2915.5 ,133.3 ,0.0028 ,0.0046 ,76.0 ,3027.6 ,154.8 ,0.0062 ,0.0123 ,83.2 ,64.3 ,27.9 ,0.177 ,0.256 ,0.122 ,0.19.8-r602,2921.4 ,101.2 ,0.0053 ,0.0052 ,3030.7 ,102.8 ,0.0122 ,0.0139 ,0.19.8-r602,2918.8 ,111.0 ,0.0053 ,0.0055 ,3031.2 ,102.8 ,0.0122 ,0.0167 ,bioconda 1.4.1,2914.7 ,103.1 ,0.0048 ,0.0045 ,3020.5 ,132.3 ,0.0118 ,0.0133 
C118-CMG05-01,Trio-phased,2935.1 ,146.0 ,0.0024 ,0.0058 ,71.1 ,3032.6 ,135.0 ,0.0056 ,0.0130 ,69.2 ,62.4 ,27.4 ,0.217 ,0.979 ,0.254 ,0.19.8-r602,2932.2 ,134.4 ,0.0052 ,0.0062 ,3026.5 ,106.4 ,0.0100 ,0.0137 ,0.19.8-r602,2941.8 ,135.1 ,0.0053 ,0.0082 ,3017.0 ,110.2 ,0.0098 ,0.0134 ,bioconda 1.4.1,2942.7 ,111.0 ,0.0050 ,0.0044 ,3031.8 ,108.8 ,0.0099 ,0.0115 
C119-CKZ01-01,Trio-phased,2927.3 ,145.9 ,0.0044 ,0.0070 ,83.3 ,3024.0 ,155.2 ,0.0075 ,0.0225 ,83.0 ,65.1 ,27.3 ,0.262 ,0.160 ,0.082 ,0.19.8-r602,2930.9 ,133.4 ,0.0090 ,0.0093 ,3025.6 ,134.0 ,0.0137 ,0.0225 ,0.19.8-r602,2928.5 ,135.3 ,0.0089 ,0.0097 ,3026.2 ,105.5 ,0.0137 ,0.0233 ,bioconda 1.4.1,2924.9 ,135.3 ,0.0086 ,0.0104 ,3019.9 ,132.2 ,0.0134 ,0.0241 
C120-CKZ02-01,Trio-phased,2921.4 ,145.7 ,0.0038 ,0.0066 ,89.3 ,3026.7 ,155.3 ,0.0050 ,0.0177 ,89.3 ,63.8 ,24.5 ,0.130 ,0.268 ,0.085 ,0.19.8-r602,2920.2 ,132.9 ,0.0080 ,0.0083 ,3028.4 ,135.4 ,0.0105 ,0.0133 ,0.19.8-r602,2924.6 ,133.1 ,0.0079 ,0.0149 ,3025.6 ,133.5 ,0.0104 ,0.0208 ,bioconda 1.4.1,2921.3 ,125.6 ,0.0078 ,0.0075 ,3018.2 ,146.5 ,0.0101 ,0.0125 
C121-CKZ03-01,Trio-phased,2923.7 ,146.5 ,0.0026 ,0.0061 ,84.1 ,3048.6 ,153.9 ,0.0163 ,0.0266 ,91.6 ,63.1 ,24.3 ,0.165 ,0.349 ,0.108 ,0.19.8-r602,2929.2 ,117.2 ,0.0055 ,0.0076 ,3047.2 ,107.0 ,0.0310 ,0.0357 ,0.19.8-r602,2927.1 ,134.3 ,0.0058 ,0.0124 ,3045.7 ,109.5 ,0.0304 ,0.0412 ,bioconda 1.4.1,2927.2 ,112.8 ,0.0052 ,0.0071 ,3039.1 ,137.1 ,0.0311 ,0.0343 
C122-CKZ04-01,Trio-phased,2920.1 ,146.9 ,0.0035 ,0.0074 ,85.0 ,3044.6 ,137.5 ,0.0057 ,0.0150 ,68.8 ,62.7 ,24.7 ,0.185 ,0.604 ,0.148 ,0.19.8-r602,2925.2 ,88.7 ,0.0081 ,0.0115 ,3044.6 ,102.4 ,0.0106 ,0.0113 ,0.19.8-r602,2932.6 ,107.1 ,0.0080 ,0.0159 ,3036.1 ,108.8 ,0.0106 ,0.0120 ,bioconda 1.4.1,2918.9 ,102.7 ,0.0079 ,0.0113 ,3044.9 ,126.5 ,0.0104 ,0.0113 
C123-CKZ05-01,Trio-phased,2933.0 ,146.0 ,0.0035 ,0.0065 ,73.6 ,3031.8 ,154.6 ,0.0085 ,0.0216 ,69.4 ,64.5 ,27.6 ,0.307 ,0.743 ,0.138 ,0.19.8-r602,2935.5 ,122.9 ,0.0083 ,0.0084 ,3034.0 ,133.7 ,0.0144 ,0.0175 ,0.19.8-r602,2915.1 ,133.7 ,0.0083 ,0.0093 ,3038.8 ,87.9 ,0.0143 ,0.0238 ,bioconda 1.4.1,2926.1 ,131.6 ,0.0082 ,0.0100 ,3016.4 ,133.0 ,0.0138 ,0.0120 
C124-CZH01-01,Trio-phased,2934.7 ,137.9 ,0.0029 ,0.0107 ,72.1 ,3030.5 ,154.5 ,0.0052 ,0.0322 ,72.2 ,63.9 ,23.9 ,0.354 ,0.389 ,0.287 ,0.19.2-r560,2943.6 ,127.2 ,0.0065 ,0.0064 ,3032.1 ,103.2 ,0.0102 ,0.0096 ,0.19.2-r560,2942.0 ,127.2 ,0.0064 ,0.0075 ,3029.6 ,135.1 ,0.0101 ,0.0115 ,bioconda 1.4,2932.5 ,90.5 ,0.0058 ,0.0058 ,3034.4 ,129.3 ,0.0089 ,0.0110 
C125-CZH02-01,Trio-phased,2947.5 ,146.5 ,0.0034 ,0.0068 ,79.1 ,3016.1 ,154.3 ,0.0043 ,0.0083 ,70.5 ,63.0 ,25.7 ,0.372 ,0.252 ,0.169 ,0.19.2-r560,2958.3 ,98.1 ,0.0082 ,0.0116 ,3024.3 ,100.7 ,0.0078 ,0.0080 ,0.19.2-r560,2947.8 ,129.8 ,0.0081 ,0.0111 ,3026.0 ,101.3 ,0.0077 ,0.0078 ,bioconda 1.4,2944.0 ,105.1 ,0.0077 ,0.0106 ,3026.6 ,89.9 ,0.0069 ,0.0070 
C126-CZH03-01,Trio-phased,2930.0 ,146.1 ,0.0036 ,0.0071 ,77.0 ,3018.9 ,154.7 ,0.0034 ,0.0098 ,77.0 ,67.3 ,24.2 ,0.190 ,0.092 ,0.133 ,0.19.2-r560,2935.2 ,109.2 ,0.0089 ,0.0128 ,3022.2 ,107.1 ,0.0066 ,0.0061 ,0.19.2-r560,2910.8 ,129.3 ,0.0088 ,0.0127 ,3034.4 ,120.7 ,0.0066 ,0.0082 ,bioconda 1.4,2931.0 ,99.4 ,0.0084 ,0.0123 ,3020.3 ,134.1 ,0.0057 ,0.0054 
C127-CZH04-01,Trio-phased,2947.5 ,145.7 ,0.0032 ,0.0059 ,83.7 ,3021.2 ,136.2 ,0.0040 ,0.0101 ,81.4 ,63.2 ,23.8 ,0.285 ,0.154 ,0.158 ,0.19.5-r593,2951.2 ,110.5 ,0.0073 ,0.0079 ,3023.6 ,106.7 ,0.0095 ,0.0086 ,0.19.2-r560,2951.4 ,98.8 ,0.0073 ,0.0107 ,3014.6 ,109.8 ,0.0093 ,0.0104 ,bioconda 1.4,2943.5 ,102.0 ,0.0068 ,0.0075 ,3017.9 ,103.6 ,0.0083 ,0.0077 
C128-CZH05-01,Trio-phased,2920.8 ,146.0 ,0.0016 ,0.0026 ,85.2 ,3019.8 ,154.7 ,0.0067 ,0.0198 ,73.5 ,64.9 ,24.6 ,0.282 ,0.290 ,0.142 ,0.19.2-r560,2926.0 ,115.9 ,0.0048 ,0.0041 ,3023.7 ,110.3 ,0.0143 ,0.0210 ,0.19.2-r560,2918.4 ,96.7 ,0.0047 ,0.0049 ,3020.7 ,110.3 ,0.0143 ,0.0243 ,bioconda 1.4,2924.3 ,78.8 ,0.0039 ,0.0058 ,3016.4 ,103.8 ,0.0131 ,0.0224 
C129-CYI01-01,Trio-phased,2920.7 ,145.9 ,0.0049 ,0.0084 ,76.4 ,3012.4 ,155.7 ,0.0063 ,0.0132 ,81.3 ,61.7 ,25.6 ,0.152 ,0.617 ,0.439 ,0.19.8-r602,2915.6 ,107.3 ,0.0104 ,0.0129 ,3011.0 ,115.0 ,0.0129 ,0.0126 ,0.19.8-r602,2910.9 ,105.4 ,0.0103 ,0.0153 ,3016.3 ,134.1 ,0.0129 ,0.0219 ,bioconda 1.4.1,2904.6 ,91.8 ,0.0099 ,0.0116 ,3004.4 ,129.8 ,0.0122 ,0.0216 
C130-CYI02-01,Trio-phased,2924.6 ,145.8 ,0.0080 ,0.0140 ,79.5 ,3035.8 ,154.5 ,0.0045 ,0.0101 ,82.1 ,64.0 ,26.4 ,0.213 ,0.235 ,0.097 ,0.19.8-r602,2926.8 ,140.6 ,0.0167 ,0.0231 ,3038.7 ,135.4 ,0.0086 ,0.0067 ,0.19.8-r602,2930.1 ,140.6 ,0.0166 ,0.0230 ,3035.9 ,135.4 ,0.0085 ,0.0067 ,bioconda 1.4.1,2879.3 ,131.3 ,0.0160 ,0.0218 ,3074.6 ,135.4 ,0.0081 ,0.0186 
C131-CYI03-01,Trio-phased,2914.7 ,146.8 ,0.0010 ,0.0024 ,89.3 ,3016.9 ,155.4 ,0.0116 ,0.0368 ,91.6 ,68.2 ,26.2 ,0.173 ,0.206 ,0.092 ,0.19.8-r602,2916.9 ,134.3 ,0.0061 ,0.0060 ,3017.8 ,134.9 ,0.0170 ,0.0309 ,0.19.8-r602,2928.6 ,108.8 ,0.0025 ,0.0046 ,3007.0 ,134.9 ,0.0205 ,0.0495 ,bioconda 1.4.1,2905.1 ,146.8 ,0.0021 ,0.0015 ,3010.6 ,141.3 ,0.0202 ,0.0486 
C134-CMH01-01,Trio-phased,2923.4 ,145.8 ,0.0023 ,0.0037 ,83.0 ,3038.9 ,154.6 ,0.0095 ,0.0255 ,70.3 ,65.3 ,25.8 ,0.203 ,0.189 ,0.077 ,0.19.8-r602,2927.9 ,115.4 ,0.0049 ,0.0041 ,3038.4 ,134.3 ,0.0170 ,0.0365 ,0.19.8-r602,2884.7 ,132.9 ,0.0048 ,0.0039 ,3022.3 ,138.6 ,0.0172 ,0.0371 ,bioconda 1.4.1,2925.5 ,137.0 ,0.0046 ,0.0035 ,3022.4 ,101.9 ,0.0168 ,0.0357 
C135-CMH02-01,Trio-phased,2933.5 ,146.2 ,0.0047 ,0.0083 ,87.0 ,3022.3 ,136.4 ,0.0088 ,0.0179 ,77.3 ,65.2 ,26.3 ,0.184 ,0.322 ,0.106 ,0.19.8-r602,2935.7 ,120.1 ,0.0103 ,0.0101 ,3021.9 ,108.2 ,0.0160 ,0.0169 ,0.19.8-r602,2940.5 ,106.8 ,0.0103 ,0.0125 ,3018.7 ,104.5 ,0.0158 ,0.0183 ,bioconda 1.4.1,2912.4 ,103.3 ,0.0099 ,0.0095 ,3004.0 ,97.2 ,0.0157 ,0.0164 
C136-CMH03-01,Trio-phased,2932.2 ,145.9 ,0.0041 ,0.0059 ,82.8 ,3026.1 ,154.6 ,0.0090 ,0.0179 ,91.6 ,65.5 ,26.1 ,0.247 ,0.326 ,0.104 ,0.19.8-r602,2934.9 ,92.4 ,0.0095 ,0.0096 ,3027.9 ,134.9 ,0.0161 ,0.0176 ,0.19.8-r602,2929.4 ,109.2 ,0.0095 ,0.0103 ,3026.1 ,134.9 ,0.0158 ,0.0192 ,bioconda 1.4.1,2930.5 ,111.6 ,0.0092 ,0.0088 ,3024.4 ,134.4 ,0.0157 ,0.0167 
C137-CMH04-01,Trio-phased,2919.7 ,147.5 ,0.0044 ,0.0069 ,82.8 ,3036.1 ,146.5 ,0.0075 ,0.0143 ,72.6 ,65.9 ,26.2 ,0.361 ,0.080 ,0.110 ,0.19.8-r602,2928.6 ,134.3 ,0.0094 ,0.0095 ,3046.8 ,110.3 ,0.0145 ,0.0144 ,0.19.8-r602,2926.2 ,134.3 ,0.0094 ,0.0097 ,3051.7 ,134.3 ,0.0143 ,0.0179 ,bioconda 1.4.1,2921.1 ,134.3 ,0.0092 ,0.0092 ,3033.5 ,136.7 ,0.0143 ,0.0137 
C138-CMH05-01,Trio-phased,2916.5 ,145.0 ,0.0045 ,0.0107 ,83.5 ,3025.6 ,139.6 ,0.0019 ,0.0120 ,77.5 ,62.9 ,27.4 ,0.199 ,0.256 ,0.101 ,0.19.8-r602,2921.0 ,110.9 ,0.0094 ,0.0152 ,3030.0 ,135.9 ,0.0044 ,0.0033 ,0.19.8-r602,2914.1 ,108.6 ,0.0093 ,0.0151 ,3036.8 ,137.7 ,0.0043 ,0.0085 ,bioconda 1.4.1,2909.0 ,103.6 ,0.0090 ,0.0151 ,3023.3 ,136.7 ,0.0036 ,0.0034 
C139-CBY01-01,Trio-phased,2933.0 ,135.5 ,0.0049 ,0.0071 ,82.6 ,3015.4 ,155.4 ,0.0074 ,0.0150 ,83.8 ,64.3 ,26.5 ,0.235 ,0.267 ,0.123 ,0.19.8-r602,2936.2 ,110.2 ,0.0102 ,0.0111 ,3015.3 ,134.5 ,0.0137 ,0.0126 ,0.19.8-r602,2929.0 ,133.3 ,0.0102 ,0.0117 ,3019.1 ,134.2 ,0.0134 ,0.0247 ,bioconda 1.4.1,2927.9 ,110.5 ,0.0097 ,0.0107 ,3007.1 ,130.7 ,0.0128 ,0.0119 
C140-CBY02-01,Trio-phased,2912.4 ,145.6 ,0.0052 ,0.0081 ,78.7 ,3030.4 ,155.0 ,0.0073 ,0.0165 ,79.0 ,64.1 ,26.1 ,0.325 ,0.289 ,0.096 ,0.19.8-r602,2919.2 ,130.4 ,0.0112 ,0.0119 ,3034.1 ,108.3 ,0.0142 ,0.0131 ,0.19.8-r602,2913.8 ,130.4 ,0.0112 ,0.0143 ,3041.3 ,111.5 ,0.0142 ,0.0174 ,bioconda 1.4.1,2911.5 ,135.4 ,0.0107 ,0.0112 ,3039.3 ,134.2 ,0.0136 ,0.0126 
C141-CBY03-01,Trio-phased,2936.3 ,146.7 ,0.0047 ,0.0107 ,79.5 ,3023.9 ,154.8 ,0.0080 ,0.0195 ,85.0 ,64.5 ,25.9 ,0.222 ,0.168 ,0.100 ,0.19.8-r602,2941.2 ,126.7 ,0.0102 ,0.0101 ,3025.0 ,134.0 ,0.0156 ,0.0155 ,0.19.8-r602,2944.8 ,108.1 ,0.0101 ,0.0147 ,3022.6 ,135.2 ,0.0155 ,0.0248 ,bioconda 1.4.1,2933.3 ,119.2 ,0.0098 ,0.0096 ,3022.8 ,135.2 ,0.0155 ,0.0152 
C142-CHU01-01,Trio-phased,2921.4 ,145.9 ,0.0035 ,0.0074 ,76.4 ,3034.9 ,137.8 ,0.0045 ,0.0166 ,70.0 ,60.5 ,27.2 ,0.194 ,0.569 ,0.142 ,0.19.8-r602,2921.9 ,133.3 ,0.0072 ,0.0083 ,3037.4 ,133.4 ,0.0085 ,0.0090 ,0.19.8-r602,2911.6 ,110.4 ,0.0071 ,0.0115 ,3028.9 ,133.4 ,0.0085 ,0.0151 ,bioconda 1.4.1,2922.5 ,102.9 ,0.0070 ,0.0077 ,3033.7 ,132.2 ,0.0082 ,0.0079 
C143-CHU02-01,Trio-phased,2913.6 ,145.9 ,0.0027 ,0.0042 ,94.2 ,3015.0 ,153.9 ,0.0067 ,0.0151 ,76.8 ,63.2 ,28.2 ,0.181 ,0.238 ,0.113 ,0.19.8-r602,2916.5 ,134.6 ,0.0058 ,0.0056 ,3015.7 ,129.5 ,0.0127 ,0.0135 ,0.19.8-r602,2915.6 ,134.6 ,0.0057 ,0.0108 ,3019.1 ,131.7 ,0.0127 ,0.0191 ,bioconda 1.4.1,2907.9 ,129.9 ,0.0055 ,0.0052 ,3006.6 ,113.9 ,0.0121 ,0.0130 
C144-CHU03-01,Trio-phased,2952.0 ,147.2 ,0.0030 ,0.0177 ,65.2 ,3034.8 ,154.6 ,0.0045 ,0.0094 ,71.5 ,62.0 ,25.7 ,0.189 ,0.796 ,0.387 ,0.19.8-r602,2951.0 ,92.1 ,0.0064 ,0.0095 ,3040.8 ,104.9 ,0.0084 ,0.0087 ,N.A.,N.A.,N.A.,N.A.,N.A.,N.A.,N.A.,N.A.,N.A.,bioconda 1.4.1,2958.9 ,101.5 ,0.0084 ,0.0075 ,3058.7 ,103.7 ,0.0060 ,0.0272 
C145-CMA01-01,HiC-phased,2913.0 ,134.8 ,N.A.,N.A.,N.A.,3027.3 ,135.4 ,N.A.,N.A.,N.A.,62.9 ,27.5 ,0.156 ,0.445 ,0.147 ,N.A.,N.A.,N.A.,N.A.,N.A.,N.A.,N.A.,N.A.,N.A.,0.19.8-r602,2909.0 ,132.7 ,N.A.,N.A.,3036.0 ,109.0 ,N.A.,N.A.,N.A.,N.A.,N.A.,N.A.,N.A.,N.A.,N.A.,N.A.,N.A.
C148-CTJ01-01,Trio-phased,2950.5 ,145.6 ,0.0020 ,0.0032 ,87.0 ,3015.4 ,155.2 ,0.0166 ,0.0585 ,76.9 ,64.3 ,26.0 ,0.159 ,0.231 ,0.122 ,0.19.8-r602,2968.3 ,132.0 ,0.0041 ,0.0052 ,3002.3 ,132.8 ,0.0245 ,0.0608 ,0.19.8-r602,2949.6 ,131.0 ,0.0040 ,0.0037 ,3015.4 ,132.9 ,0.0243 ,0.0668 ,bioconda 1.4.1,2926.8 ,136.3 ,0.0037 ,0.0033 ,3021.6 ,101.3 ,0.0245 ,0.0640 
C149-CTJ02-01,Trio-phased,2948.1 ,146.3 ,0.0053 ,0.0088 ,91.7 ,3016.0 ,137.9 ,0.0076 ,0.0161 ,80.2 ,64.2 ,25.9 ,0.248 ,0.291 ,0.102 ,0.19.8-r602,2957.5 ,134.5 ,0.0111 ,0.0136 ,3010.9 ,133.8 ,0.0145 ,0.0133 ,0.19.8-r602,2950.1 ,134.5 ,0.0110 ,0.0123 ,3018.1 ,107.2 ,0.0144 ,0.0140 ,bioconda 1.4.1,2938.8 ,132.3 ,0.0107 ,0.0118 ,3014.7 ,133.8 ,0.0140 ,0.0131 
C150-CTJ03-01,Trio-phased,2930.7 ,145.8 ,0.0045 ,0.0075 ,86.1 ,3018.1 ,155.1 ,0.0069 ,0.0140 ,75.7 ,58.6 ,26.4 ,0.135 ,0.154 ,0.115 ,0.19.8-r602,2936.1 ,133.3 ,0.0093 ,0.0098 ,3019.1 ,134.5 ,0.0132 ,0.0133 ,0.19.8-r602,2929.4 ,136.0 ,0.0092 ,0.0098 ,3023.3 ,134.5 ,0.0131 ,0.0136 ,bioconda 1.4.1,2920.7 ,133.3 ,0.0089 ,0.0095 ,3011.0 ,134.5 ,0.0126 ,0.0128 
C151-CHA-E21-01,Trio-phased,2932.2 ,137.8 ,0.0018 ,0.0041 ,63.2 ,3023.6 ,134.9 ,0.0078 ,0.0220 ,65.3 ,60.8 ,29.8 ,0.225 ,0.994 ,0.450 ,0.19.8-r602,2935.9 ,126.7 ,0.0046 ,0.0061 ,3020.0 ,134.7 ,0.0130 ,0.0185 ,0.19.8-r602,2961.8 ,110.4 ,0.0047 ,0.0160 ,2983.6 ,115.2 ,0.0126 ,0.0202 ,bioconda 1.4.1,2938.9 ,122.3 ,0.0041 ,0.0048 ,3026.8 ,111.0 ,0.0133 ,0.0162 
C152-CKZ06-01,Trio-phased,2947.4 ,145.5 ,0.0034 ,0.0069 ,82.0 ,3026.4 ,154.7 ,0.0061 ,0.0150 ,83.8 ,64.2 ,27.4 ,0.142 ,0.136 ,0.091 ,0.19.8-r602,2950.5 ,134.3 ,0.0072 ,0.0088 ,3025.1 ,135.8 ,0.0112 ,0.0136 ,0.19.8-r602,2948.6 ,137.5 ,0.0072 ,0.0101 ,3029.4 ,133.5 ,0.0113 ,0.0165 ,bioconda 1.4.1,2944.2 ,137.5 ,0.0069 ,0.0098 ,3023.8 ,137.1 ,0.0109 ,0.0133 
C153-CHA-S21-01,Trio-phased,2935.5 ,146.6 ,0.0025 ,0.0041 ,69.4 ,3025.2 ,153.5 ,0.0148 ,0.0420 ,69.3 ,60.6 ,27.7 ,0.282 ,0.835 ,0.635 ,0.19.8-r602,2932.7 ,107.7 ,0.0050 ,0.0053 ,3020.6 ,102.5 ,0.0246 ,0.0483 ,0.19.8-r602,2932.2 ,104.8 ,0.0050 ,0.0063 ,3014.9 ,110.3 ,0.0244 ,0.0535 ,bioconda 1.4.1,2928.9 ,91.8 ,0.0047 ,0.0038 ,3018.3 ,111.2 ,0.0243 ,0.0462 
C154-CBA01-01,Trio-phased,2930.9 ,146.8 ,0.0047 ,0.0073 ,87.3 ,3024.8 ,154.5 ,0.0088 ,0.0170 ,97.0 ,64.3 ,26.0 ,0.166 ,0.268 ,0.108 ,0.19.8-r602,2933.4 ,134.3 ,0.0106 ,0.0104 ,3026.2 ,139.7 ,0.0159 ,0.0162 ,0.19.8-r602,2941.4 ,112.0 ,0.0106 ,0.0126 ,3018.8 ,131.2 ,0.0158 ,0.0158 ,bioconda 1.4.1,2926.1 ,134.3 ,0.0103 ,0.0099 ,3021.4 ,131.2 ,0.0154 ,0.0151 
C155-CBA02-01,Trio-phased,2917.5 ,145.5 ,0.0047 ,0.0075 ,83.0 ,3024.2 ,154.2 ,0.0082 ,0.0154 ,77.2 ,61.6 ,25.7 ,0.307 ,0.410 ,0.124 ,0.19.8-r602,2922.4 ,133.7 ,0.0104 ,0.0108 ,3028.0 ,108.7 ,0.0148 ,0.0151 ,0.19.8-r602,2916.9 ,128.0 ,0.0102 ,0.0108 ,3028.5 ,109.7 ,0.0147 ,0.0158 ,bioconda 1.4.1,2917.8 ,132.5 ,0.0101 ,0.0101 ,3026.9 ,111.2 ,0.0143 ,0.0139 
C156-CBA03-01,HiC-phased,2931.7 ,133.8 ,N.A.,N.A.,N.A.,3038.8 ,141.0 ,N.A.,N.A.,N.A.,66.0 ,26.1 ,0.163 ,0.229 ,0.145 ,N.A.,N.A.,N.A.,N.A.,N.A.,N.A.,N.A.,N.A.,N.A.,0.19.8-r602,2933.3 ,121.1 ,N.A.,N.A.,3041.3 ,141.0 ,N.A.,N.A.,N.A.,N.A.,N.A.,N.A.,N.A.,N.A.,N.A.,N.A.,N.A.
KOR01-01,HiC-phased,2911.4 ,122.5 ,N.A.,N.A.,N.A.,3045.6 ,113.0 ,N.A.,N.A.,N.A.,63.4 ,28.1 ,0.144 ,0.121 ,0.120 ,N.A.,N.A.,N.A.,N.A.,N.A.,N.A.,N.A.,N.A.,N.A.,0.19.8-r602,2913.7 ,113.2 ,N.A.,N.A.,3047.7 ,113.0 ,N.A.,N.A.,N.A.,N.A.,N.A.,N.A.,N.A.,N.A.,N.A.,N.A.,N.A.
KOR02-01,HiC-phased,2932.5 ,135.5 ,N.A.,N.A.,N.A.,3055.1 ,135.4 ,N.A.,N.A.,N.A.,64.6 ,28.0 ,0.156 ,0.139 ,0.126 ,N.A.,N.A.,N.A.,N.A.,N.A.,N.A.,N.A.,N.A.,N.A.,0.19.8-r602,2936.9 ,135.5 ,N.A.,N.A.,3058.9 ,135.4 ,N.A.,N.A.,N.A.,N.A.,N.A.,N.A.,N.A.,N.A.,N.A.,N.A.,N.A.
KOR03-01,HiC-phased,2929.1 ,131.3 ,N.A.,N.A.,N.A.,3040.4 ,135.1 ,N.A.,N.A.,N.A.,65.5 ,28.2 ,0.181 ,0.081 ,0.136 ,N.A.,N.A.,N.A.,N.A.,N.A.,N.A.,N.A.,N.A.,N.A.,0.19.8-r602,2930.5 ,113.2 ,N.A.,N.A.,3043.0 ,135.1 ,N.A.,N.A.,N.A.,N.A.,N.A.,N.A.,N.A.,N.A.,N.A.,N.A.,N.A.
KOR04-01,HiC-phased,2921.0 ,134.1 ,N.A.,N.A.,N.A.,3042.9 ,145.6 ,N.A.,N.A.,N.A.,64.7 ,27.4 ,0.189 ,0.143 ,0.127 ,N.A.,N.A.,N.A.,N.A.,N.A.,N.A.,N.A.,N.A.,N.A.,0.19.8-r602,2926.2 ,133.8 ,N.A.,N.A.,3044.9 ,145.7 ,N.A.,N.A.,N.A.,N.A.,N.A.,N.A.,N.A.,N.A.,N.A.,N.A.,N.A.
KOR05-01,HiC-phased,2927.9 ,135.0 ,N.A.,N.A.,N.A.,3031.0 ,136.7 ,N.A.,N.A.,N.A.,60.7 ,26.9 ,0.145 ,0.852 ,0.118 ,N.A.,N.A.,N.A.,N.A.,N.A.,N.A.,N.A.,N.A.,N.A.,0.19.8-r602,2906.8 ,133.8 ,N.A.,N.A.,3051.4 ,136.7 ,N.A.,N.A.,N.A.,N.A.,N.A.,N.A.,N.A.,N.A.,N.A.,N.A.,N.A.
KOR06-01,HiC-phased,2928.6 ,135.2 ,N.A.,N.A.,N.A.,3066.5 ,140.5 ,N.A.,N.A.,N.A.,63.4 ,27.3 ,0.207 ,0.161 ,0.142 ,N.A.,N.A.,N.A.,N.A.,N.A.,N.A.,N.A.,N.A.,N.A.,0.19.8-r602,2908.5 ,133.7 ,N.A.,N.A.,3074.1 ,140.5 ,N.A.,N.A.,N.A.,N.A.,N.A.,N.A.,N.A.,N.A.,N.A.,N.A.,N.A.
KOR07-01,HiC-phased,2928.7 ,135.7 ,N.A.,N.A.,N.A.,3040.7 ,135.0 ,N.A.,N.A.,N.A.,62.3 ,26.9 ,0.162 ,0.878 ,0.165 ,N.A.,N.A.,N.A.,N.A.,N.A.,N.A.,N.A.,N.A.,N.A.,0.19.8-r602,2927.2 ,134.2 ,N.A.,N.A.,3042.4 ,129.8 ,N.A.,N.A.,N.A.,N.A.,N.A.,N.A.,N.A.,N.A.,N.A.,N.A.,N.A.
KOR08-01,HiC-phased,2911.3 ,138.5 ,N.A.,N.A.,N.A.,3049.8 ,135.5 ,N.A.,N.A.,N.A.,61.2 ,24.5 ,0.235 ,2.114 ,0.187 ,N.A.,N.A.,N.A.,N.A.,N.A.,N.A.,N.A.,N.A.,N.A.,0.19.8-r602,2886.9 ,119.7 ,N.A.,N.A.,3049.9 ,108.7 ,N.A.,N.A.,N.A.,N.A.,N.A.,N.A.,N.A.,N.A.,N.A.,N.A.,N.A.
